Source,Target
771,1816
771,116
771,1076
771,1334
771,1563
771,1671
771,1413
771,656
771,1175
771,661
771,1760
771,934
771,45
1816,1671
1816,534
1816,1102
1816,1405
1816,1619
1816,263
1816,750
1816,323
1816,341
1816,65
1816,159
1816,338
1816,1096
1816,661
1816,1413
1816,699
1816,1896
1816,1034
1816,1734
1816,342
1671,1752
1671,116
1671,1763
1671,1900
1671,1764
1671,1767
1671,131
1671,351
1671,1096
1671,1816
1671,661
1671,1753
1671,934
1671,392
1671,1762
1671,1034
1671,112
1671,1760
1671,425
1671,1748
1752,1900
1752,1762
1752,1763
1752,672
1752,351
1752,131
1752,1748
1752,1304
1752,1764
1752,100
1752,112
1752,1768
1752,116
1752,1476
1752,1406
1752,1767
1752,1671
1752,1753
1752,1096
1752,934
1900,1752
1900,399
1900,1748
1900,1762
1900,672
1900,521
1900,1767
1900,1763
1900,1764
1900,351
1900,1753
1900,1768
1900,131
1900,671
1900,1304
1900,112
1900,1420
1900,100
1900,229
1900,1836
1762,672
1762,1748
1762,1768
1762,1763
1762,1752
1762,1900
1762,218
1762,1764
1762,131
1762,1753
1762,351
1762,1767
1762,100
1762,671
1762,1755
1762,229
1762,112
1762,1476
1762,1760
1762,158
1763,692
1763,1752
1763,1304
1763,100
1763,1764
1763,351
1763,1762
1763,1573
1763,131
1763,116
1763,1748
1763,1900
1763,1767
1763,672
1763,1406
1763,1476
1763,1547
1763,560
1763,1753
1763,1768
672,1762
672,1900
672,122
672,351
672,1752
672,1767
672,100
672,382
672,1406
672,1753
672,1476
672,1748
672,229
672,671
672,1764
672,1304
672,1171
672,1763
672,286
672,1755
351,1304
351,100
351,1476
351,1752
351,1763
351,1764
351,1406
351,112
351,1767
351,934
351,1762
351,131
351,672
351,797
351,1753
351,1900
351,1651
351,661
351,229
351,1671
131,116
131,560
131,1752
131,15
131,1762
131,1763
131,218
131,1764
131,1759
131,90
131,1354
131,1900
131,1748
131,1172
131,1573
131,351
131,1768
131,1096
131,100
131,112
1748,1768
1748,912
1748,218
1748,1762
1748,1763
1748,1752
1748,1900
1748,1764
1748,131
1748,399
1748,351
1748,1304
1748,112
1748,521
1748,1866
1748,671
1748,1755
1748,100
1748,1868
1748,1767
1304,351
1304,1763
1304,100
1304,1752
1304,1764
1304,1406
1304,1476
1304,1767
1304,521
1304,1900
1304,1748
1304,1486
1304,1768
1304,797
1304,1836
1304,131
1304,1762
1304,1753
1304,116
1304,672
1764,1763
1764,1752
1764,1768
1764,1304
1764,351
1764,116
1764,100
1764,1748
1764,1762
1764,131
1764,1767
1764,1406
1764,692
1764,1900
1764,560
1764,1753
1764,1476
1764,1573
1764,672
1764,218
100,1304
100,692
100,351
100,672
100,1763
100,1762
100,1764
100,1752
100,1406
100,1900
100,1748
100,1767
100,1753
100,1476
100,131
100,1768
100,671
100,229
100,399
100,122
112,934
112,1752
112,351
112,392
112,1476
112,1171
112,131
112,116
112,1304
112,661
112,1096
112,1763
112,1141
112,1354
112,1760
112,1764
112,1142
112,1767
112,1762
112,337
1768,1748
1768,912
1768,1762
1768,218
1768,1752
1768,1764
1768,1763
1768,131
1768,1304
1768,1767
1768,1900
1768,399
1768,1866
1768,351
1768,100
1768,671
1768,112
1768,1753
1768,1573
1768,1175
116,131
116,1764
116,1763
116,1752
116,90
116,1096
116,934
116,1767
116,1172
116,1760
116,1753
116,1671
116,1143
116,112
116,661
116,1759
116,15
116,1762
116,1142
116,583
1476,351
1476,1767
1476,1304
1476,1752
1476,112
1476,1763
1476,1753
1476,1764
1476,1171
1476,131
1476,229
1476,1760
1476,661
1476,1406
1476,100
1476,672
1476,671
1476,1762
1476,1900
1476,797
1406,1304
1406,351
1406,100
1406,672
1406,1764
1406,1752
1406,1767
1406,1763
1406,1476
1406,1762
1406,1900
1406,797
1406,1753
1406,1486
1406,229
1406,1768
1406,1748
1406,671
1406,131
1406,1191
1767,1753
1767,229
1767,1760
1767,1476
1767,1762
1767,1900
1767,672
1767,671
1767,1752
1767,1485
1767,351
1767,116
1767,1764
1767,1763
1767,1304
1767,131
1767,661
1767,100
1767,382
1767,1406
1753,1767
1753,1762
1753,229
1753,671
1753,672
1753,1476
1753,1760
1753,1752
1753,1900
1753,351
1753,1485
1753,1764
1753,116
1753,1763
1753,382
1753,100
1753,131
1753,631
1753,1406
1753,661
1096,1752
1096,116
1096,131
1096,862
1096,1413
1096,425
1096,941
1096,934
1096,661
1096,112
1096,1671
1096,1767
1096,1806
1096,1764
1096,1239
1096,1763
1096,1142
1096,1420
1096,1760
1096,1900
934,392
934,715
934,661
934,338
934,116
934,112
934,131
934,307
934,1096
934,290
934,944
934,534
934,1752
934,1760
934,1484
934,1671
934,1767
934,1763
934,1171
934,351
661,934
661,1767
661,1155
661,171
661,1760
661,534
661,1034
661,1096
661,1071
661,338
661,1485
661,340
661,1045
661,1753
661,116
661,1239
661,341
661,25
661,229
661,127
1155,171
1155,341
1155,1045
1155,340
1155,127
1155,661
1155,291
1155,342
1155,1632
1155,263
1155,338
1155,485
1155,170
1155,705
1155,1205
1155,1629
1155,307
1155,534
1155,1105
1155,183
171,340
171,127
171,1045
171,291
171,1155
171,341
171,338
171,485
171,1632
171,404
171,705
171,342
171,307
171,1105
171,170
171,1205
171,661
171,263
171,749
171,1484
1760,1767
1760,1753
1760,527
1760,661
1760,116
1760,1476
1760,229
1760,1485
1760,1078
1760,934
1760,756
1760,131
1760,112
1760,671
1760,1900
1760,910
1760,392
1760,1835
1760,1420
1760,760
534,338
534,341
534,340
534,697
534,1102
534,1632
534,263
534,1484
534,171
534,127
534,1045
534,661
534,342
534,1155
534,485
534,307
534,934
534,1205
534,1816
534,1071
1034,298
1034,661
1034,340
1034,1485
1034,127
1034,1155
1034,1767
1034,171
1034,1045
1034,1671
1034,25
1034,382
1034,1752
1034,1171
1034,282
1034,113
1034,631
1034,229
1034,534
1034,291
1071,1629
1071,125
1071,1226
1071,925
1071,127
1071,1110
1071,733
1071,340
1071,291
1071,146
1071,171
1071,534
1071,1045
1071,1155
1071,661
1071,637
1071,1399
1071,1875
1071,341
1071,1632
338,290
338,307
338,341
338,697
338,342
338,263
338,183
338,381
338,1484
338,1205
338,1632
338,170
338,368
338,1102
338,750
338,1220
338,147
338,721
338,1797
338,171
1485,229
1485,631
1485,382
1485,1767
1485,1753
1485,364
1485,1760
1485,671
1485,661
1485,94
1485,113
1485,1476
1485,1034
1485,162
1485,1316
1485,889
1485,1209
1485,358
1485,127
1485,1721
340,127
340,171
340,291
340,1045
340,705
340,1632
340,341
340,255
340,485
340,1155
340,1484
340,342
340,338
340,404
340,1629
340,1105
340,263
340,125
340,697
340,1545
1045,341
1045,171
1045,127
1045,340
1045,1632
1045,342
1045,291
1045,485
1045,1155
1045,263
1045,170
1045,705
1045,338
1045,1105
1045,1205
1045,307
1045,161
1045,404
1045,183
1045,1102
1239,661
1239,1096
1239,1806
1239,1413
1239,1760
1239,1767
1239,116
1239,1671
1239,934
1239,1753
1239,25
1239,45
1239,65
1239,1816
1239,756
1239,527
1239,131
1239,1143
1239,1155
1239,1420
341,263
341,307
341,342
341,183
341,338
341,1205
341,1632
341,290
341,1797
341,485
341,381
341,1102
341,1288
341,170
341,749
341,1045
341,696
341,1169
341,721
341,171
25,661
25,1034
25,45
25,1767
25,1413
25,1239
25,341
25,65
25,1155
25,340
25,1045
25,979
25,171
25,1806
25,1671
25,1760
25,282
25,1816
25,534
25,298
229,1767
229,1485
229,1753
229,671
229,382
229,631
229,1476
229,1760
229,661
229,672
229,1762
229,351
229,1752
229,1304
229,527
229,1034
229,1764
229,1763
229,1900
229,1406
127,291
127,340
127,171
127,1045
127,705
127,125
127,1071
127,1629
127,1226
127,925
127,1632
127,1155
127,341
127,404
127,362
127,485
127,1545
127,113
127,1105
127,165
392,934
392,715
392,112
392,338
392,290
392,944
392,661
392,116
392,1671
392,1752
392,131
392,1096
392,1760
392,1484
392,90
392,1767
392,1108
392,756
392,337
392,65
715,1484
715,934
715,697
715,338
715,340
715,944
715,290
715,661
715,392
715,307
715,534
715,255
715,171
715,1171
715,756
715,693
715,54
715,107
715,1767
715,696
290,338
290,307
290,1077
290,342
290,1169
290,381
290,341
290,1205
290,263
290,143
290,1102
290,721
290,750
290,183
290,749
290,697
290,147
290,1632
290,1220
290,1177
944,757
944,934
944,392
944,17
944,1048
944,715
944,24
944,338
944,197
944,1484
944,1160
944,1472
944,290
944,1814
944,1823
944,307
944,1813
944,36
944,1526
944,1517
1484,338
1484,691
1484,715
1484,697
1484,340
1484,342
1484,1409
1484,1635
1484,255
1484,693
1484,171
1484,107
1484,1105
1484,696
1484,534
1484,1220
1484,296
1484,300
1484,1632
1484,1205
90,15
90,1172
90,1868
90,560
90,131
90,116
90,218
90,1354
90,1573
90,1113
90,1143
90,954
90,583
90,912
90,1764
90,1874
90,199
90,886
90,392
90,1752
1108,392
1108,338
1108,107
1108,65
1108,756
1108,1484
1108,1559
1108,715
1108,1861
1108,1521
1108,289
1108,673
1108,691
1108,1526
1108,556
1108,1384
1108,944
1108,632
1108,1880
1108,693
756,1760
756,1767
756,34
756,661
756,527
756,1753
756,392
756,116
756,1078
756,215
756,1824
756,1389
756,934
756,910
756,66
756,131
756,715
756,112
756,1491
756,1835
337,1171
337,351
337,934
337,392
337,1476
337,1723
337,112
337,1484
337,1304
337,1141
337,715
337,1142
337,752
337,54
337,1763
337,425
337,1752
337,692
337,338
337,116
65,1618
65,1619
65,290
65,263
65,338
65,934
65,45
65,1102
65,1082
65,750
65,1797
65,1734
65,303
65,479
65,979
65,341
65,307
65,147
65,534
65,342
425,934
425,1752
425,1096
425,862
425,338
425,661
425,290
425,941
425,1671
425,131
425,116
425,1171
425,534
425,1767
425,112
425,307
425,351
425,65
425,1763
425,1764
862,1096
862,941
862,425
862,1413
862,65
862,1752
862,1816
862,116
862,1671
862,1383
862,131
862,45
862,1239
862,1619
862,661
862,759
862,1143
862,934
862,1874
862,90
941,1096
941,862
941,425
941,131
941,116
941,93
941,394
941,1413
941,1608
941,878
941,661
941,934
941,1752
941,333
941,1760
941,65
941,1143
941,1239
941,112
941,1639
1171,351
1171,1762
1171,672
1171,1476
1171,1752
1171,112
1171,1304
1171,1763
1171,1900
1171,1764
1171,1753
1171,1767
1171,1760
1171,1034
1171,1671
1171,521
1171,100
1171,229
1171,671
1171,399
307,338
307,290
307,341
307,342
307,263
307,183
307,381
307,170
307,1205
307,697
307,331
307,219
307,721
307,1169
307,749
307,563
307,1632
307,750
307,1288
307,1102
1102,341
1102,342
1102,1205
1102,263
1102,170
1102,338
1102,381
1102,1632
1102,485
1102,749
1102,183
1102,290
1102,1220
1102,1288
1102,706
1102,307
1102,534
1102,697
1102,675
1102,1045
342,170
342,1205
342,1632
342,675
342,341
342,219
342,338
342,749
342,263
342,1220
342,307
342,1797
342,485
342,563
342,381
342,290
342,750
342,1102
342,721
342,696
170,342
170,563
170,219
170,1016
170,381
170,485
170,562
170,341
170,565
170,749
170,338
170,1632
170,307
170,1205
170,675
170,1797
170,1288
170,263
170,694
170,697
1205,342
1205,341
1205,749
1205,1632
1205,1220
1205,170
1205,263
1205,381
1205,307
1205,485
1205,1797
1205,338
1205,1105
1205,1102
1205,1288
1205,675
1205,696
1205,290
1205,331
1205,183
1632,342
1632,341
1632,263
1632,1205
1632,170
1632,485
1632,721
1632,338
1632,1105
1632,749
1632,675
1632,1220
1632,706
1632,750
1632,694
1632,307
1632,290
1632,381
1632,1045
1632,171
675,342
675,1632
675,170
675,749
675,750
675,1205
675,341
675,263
675,638
675,1016
675,1102
675,338
675,400
675,485
675,1220
675,565
675,219
675,721
675,381
675,307
219,563
219,565
219,562
219,1016
219,1114
219,666
219,170
219,564
219,342
219,21
219,331
219,307
219,694
219,675
219,183
219,381
219,1674
219,1797
219,749
219,1205
749,1205
749,342
749,1632
749,183
749,170
749,485
749,381
749,341
749,1288
749,263
749,1105
749,290
749,1220
749,1102
749,675
749,721
749,338
749,307
749,694
749,161
263,341
263,342
263,307
263,1632
263,1205
263,290
263,338
263,183
263,170
263,750
263,1797
263,1102
263,1288
263,749
263,381
263,1220
263,1169
263,485
263,694
263,1728
1220,342
1220,1205
1220,1632
1220,749
1220,341
1220,263
1220,338
1220,170
1220,290
1220,675
1220,750
1220,307
1220,381
1220,696
1220,721
1220,1102
1220,485
1220,1105
1220,710
1220,340
1797,300
1797,263
1797,549
1797,341
1797,678
1797,694
1797,562
1797,338
1797,1674
1797,1632
1797,342
1797,1016
1797,485
1797,1619
1797,1728
1797,1863
1797,1205
1797,170
1797,750
1797,1288
485,1105
485,341
485,1632
485,170
485,342
485,1205
485,161
485,263
485,749
485,694
485,183
485,1102
485,381
485,1797
485,705
485,706
485,1045
485,1288
485,171
485,721
563,219
563,565
563,562
563,1016
563,1114
563,170
563,564
563,666
563,342
563,694
563,1674
563,307
563,675
563,331
563,21
563,1288
563,1205
563,341
563,183
563,697
381,170
381,1797
381,749
381,338
381,341
381,269
381,342
381,1205
381,290
381,183
381,263
381,331
381,307
381,721
381,694
381,1632
381,485
381,1102
381,1169
381,1105
750,342
750,1632
750,290
750,170
750,338
750,263
750,675
750,303
750,307
750,1205
750,381
750,341
750,749
750,1220
750,721
750,638
750,697
750,1797
750,694
750,1405
721,290
721,1632
721,338
721,697
721,307
721,381
721,342
721,341
721,485
721,1797
721,263
721,749
721,1205
721,170
721,1105
721,706
721,750
721,675
721,183
721,1102
696,342
696,1205
696,341
696,170
696,1632
696,338
696,749
696,290
696,307
696,1635
696,1105
696,1220
696,485
696,263
696,183
696,1288
696,675
696,1797
696,381
696,1102
183,341
183,1288
183,749
183,307
183,666
183,263
183,1169
183,338
183,381
183,290
183,1102
183,155
183,562
183,342
183,485
183,1205
183,563
183,170
183,219
183,1632
1288,183
1288,341
1288,1205
1288,749
1288,170
1288,263
1288,342
1288,307
1288,696
1288,485
1288,1797
1288,338
1288,1169
1288,381
1288,1632
1288,694
1288,290
1288,269
1288,1102
1288,1220
666,368
666,562
666,147
666,563
666,1016
666,183
666,419
666,219
666,342
666,170
666,1288
666,694
666,1169
666,307
666,1674
666,1114
666,341
666,381
666,338
666,164
1169,290
1169,183
1169,341
1169,307
1169,338
1169,381
1169,263
1169,1288
1169,749
1169,147
1169,143
1169,342
1169,1205
1169,1077
1169,1177
1169,170
1169,155
1169,1102
1169,1467
1169,678
155,183
155,341
155,307
155,381
155,749
155,170
155,679
155,1205
155,1288
155,342
155,1169
155,562
155,263
155,1102
155,1797
155,338
155,565
155,290
155,219
155,485
562,563
562,219
562,1016
562,666
562,1114
562,564
562,170
562,183
562,565
562,341
562,342
562,1288
562,485
562,21
562,1102
562,307
562,675
562,1674
562,694
562,263
706,1632
706,721
706,485
706,263
706,341
706,381
706,1102
706,694
706,749
706,697
706,1728
706,170
706,161
706,342
706,340
706,1205
706,183
706,338
706,127
706,307
694,219
694,563
694,1797
694,1632
694,381
694,1016
694,263
694,170
694,342
694,341
694,1205
694,485
694,307
694,638
694,562
694,749
694,183
694,1288
694,721
694,1105
697,338
697,307
697,290
697,1484
697,721
697,170
697,1632
697,342
697,340
697,381
697,341
697,263
697,534
697,1102
697,1205
697,749
697,750
697,1797
697,485
697,715
1728,263
1728,1632
1728,706
1728,341
1728,338
1728,342
1728,1016
1728,694
1728,170
1728,750
1728,563
1728,1205
1728,290
1728,485
1728,381
1728,1797
1728,1397
1728,307
1728,303
1728,1619
161,485
161,1105
161,749
161,170
161,706
161,342
161,1632
161,171
161,705
161,1205
161,1045
161,341
161,340
161,167
161,404
161,721
161,1102
161,183
161,1288
161,1069
1405,699
1405,323
1405,1896
1405,159
1405,788
1405,556
1405,646
1405,355
1405,750
1405,684
1405,1816
1405,701
1405,695
1405,688
1405,675
1405,651
1405,359
1405,1671
1405,503
1405,289
699,638
699,750
699,675
699,342
699,697
699,170
699,694
699,263
699,290
699,679
699,307
699,1632
699,1728
699,1220
699,1205
699,696
699,666
699,338
699,669
699,562
638,699
638,563
638,1016
638,342
638,263
638,697
638,694
638,562
638,750
638,476
638,1632
638,675
638,1728
638,1797
638,721
638,637
638,170
638,1205
638,706
638,307
679,1177
679,147
679,143
679,419
679,381
679,183
679,983
679,1169
679,170
679,666
679,307
679,1205
679,342
679,1077
679,263
679,686
679,338
679,749
679,290
679,1509
669,147
669,381
669,183
669,338
669,342
669,307
669,290
669,263
669,1509
669,666
669,1632
669,1618
669,750
669,164
669,1797
669,1169
669,678
669,341
669,170
669,1728
323,699
323,1405
323,159
323,1896
323,556
323,788
323,355
323,646
323,701
323,1816
323,289
323,750
323,342
323,695
323,1102
323,684
323,675
323,1220
323,687
323,1671
159,675
159,696
159,342
159,1220
159,1205
159,161
159,674
159,443
159,1521
159,170
159,1217
159,697
159,1484
159,256
159,1105
159,721
159,254
159,562
159,340
159,710
1896,556
1896,788
1896,1405
1896,699
1896,355
1896,323
1896,159
1896,701
1896,1816
1896,1671
1896,289
1896,750
1896,646
1896,1328
1896,684
1896,1734
1896,1619
1896,392
1896,1102
1896,695
556,788
556,1896
556,323
556,699
556,1521
556,1405
556,701
556,83
556,1261
556,159
556,355
556,673
556,750
556,443
556,342
556,691
556,668
556,1635
556,1409
556,1484
788,556
788,355
788,1896
788,1405
788,699
788,323
788,159
788,750
788,342
788,1220
788,338
788,701
788,115
788,1521
788,340
788,1205
788,170
788,1397
788,1045
788,1605
355,788
355,556
355,1896
355,342
355,750
355,170
355,675
355,338
355,159
355,1405
355,307
355,697
355,1205
355,699
355,290
355,1220
355,323
355,341
355,1521
355,562
646,669
646,1509
646,263
646,381
646,1405
646,651
646,503
646,1632
646,269
646,695
646,684
646,749
646,342
646,687
646,290
646,323
646,338
646,170
646,1102
646,688
701,556
701,1896
701,788
701,1405
701,355
701,159
701,699
701,290
701,323
701,750
701,342
701,1205
701,1632
701,1521
701,1220
701,338
701,1102
701,721
701,341
701,307
289,159
289,699
289,323
289,673
289,338
289,107
289,1405
289,65
289,1384
289,1409
289,756
289,1880
289,420
289,1108
289,342
289,934
289,392
289,715
289,63
289,1619
695,721
695,53
695,675
695,170
695,697
695,1288
695,1205
695,1021
695,706
695,694
695,696
695,1016
695,562
695,1361
695,404
695,342
695,674
695,684
695,183
695,670
684,695
684,359
684,1405
684,646
684,651
684,182
684,381
684,688
684,687
684,503
684,699
684,323
684,1619
684,752
684,303
684,400
684,675
684,159
684,750
684,749
687,685
687,368
687,638
687,147
687,1016
687,683
687,219
687,695
687,666
687,170
687,688
687,646
687,749
687,310
687,563
687,338
687,1077
687,381
687,1103
687,684
688,651
688,503
688,1405
688,687
688,695
688,1632
688,182
688,646
688,684
688,400
688,303
688,170
688,750
688,749
688,675
688,342
688,163
688,359
688,698
688,1652
651,503
651,688
651,343
651,152
651,1632
651,695
651,1077
651,182
651,163
651,303
651,646
651,749
651,342
651,20
651,1652
651,675
651,400
651,1845
651,381
651,170
503,651
503,688
503,343
503,182
503,695
503,152
503,1632
503,646
503,163
503,749
503,303
503,1077
503,170
503,400
503,687
503,684
503,675
503,381
503,1405
503,190
182,721
182,694
182,675
182,697
182,170
182,1361
182,1016
182,342
182,165
182,706
182,1205
182,263
182,696
182,1632
182,1288
182,1016
182,562
182,183
182,669
182,1728
400,675
400,721
400,342
400,1205
400,219
400,170
400,1220
400,697
400,1169
400,307
400,681
400,155
400,1632
400,1288
400,749
400,381
400,564
400,331
400,696
400,290
303,342
303,1632
303,750
303,263
303,290
303,338
303,341
303,170
303,1728
303,1205
303,651
303,307
303,675
303,485
303,694
303,381
303,183
303,1102
303,1169
303,503
163,1475
163,651
163,152
163,503
163,343
163,310
163,153
163,896
163,1371
163,167
163,688
163,161
163,188
163,749
163,185
163,1632
163,182
163,170
163,485
163,1077
359,684
359,695
359,646
359,381
359,1405
359,400
359,503
359,269
359,182
359,688
359,750
359,749
359,651
359,290
359,303
359,687
359,1102
359,675
359,638
359,170
698,1649
698,503
698,436
698,182
698,688
698,651
698,303
698,1774
698,689
698,750
698,403
698,54
698,684
698,400
698,749
698,163
698,637
698,170
698,695
698,646
1652,1326
1652,282
1652,418
1652,1467
1652,651
1652,933
1652,400
1652,658
1652,695
1652,84
1652,752
1652,503
1652,862
1652,687
1652,381
1652,706
1652,338
1652,684
1652,290
1652,269
1619,381
1619,65
1619,290
1619,341
1619,263
1619,338
1619,1102
1619,1797
1619,1632
1619,1618
1619,750
1619,342
1619,183
1619,307
1619,1205
1619,1816
1619,1728
1619,694
1619,549
1619,979
1618,479
1618,65
1618,1082
1618,143
1618,1619
1618,147
1618,263
1618,290
1618,45
1618,338
1618,759
1618,1797
1618,979
1618,549
1618,686
1618,1169
1618,341
1618,750
1618,307
1618,669
479,1618
479,759
479,263
479,338
479,1619
479,290
479,65
479,740
479,750
479,1797
479,979
479,1728
479,549
479,341
479,45
479,303
479,1082
479,300
479,983
479,934
1082,314
1082,1618
1082,1160
1082,65
1082,611
1082,197
1082,83
1082,757
1082,1265
1082,24
1082,45
1082,143
1082,183
1082,1517
1082,338
1082,120
1082,147
1082,1863
1082,612
1082,479
143,147
143,238
143,686
143,105
143,1177
143,1077
143,290
143,1169
143,679
143,183
143,1618
143,338
143,164
143,983
143,307
143,1082
143,1467
143,669
143,65
143,1509
147,143
147,1177
147,686
147,666
147,183
147,669
147,983
147,679
147,164
147,1077
147,1169
147,338
147,290
147,1509
147,307
147,381
147,1618
147,341
147,105
147,1288
45,1618
45,65
45,1619
45,25
45,740
45,661
45,341
45,583
45,263
45,1413
45,290
45,1239
45,338
45,1160
45,979
45,934
45,1096
45,944
45,1816
45,307
759,719
759,1413
759,1797
759,57
759,1563
759,263
759,723
759,368
759,979
759,341
759,1619
759,1816
759,1096
759,934
759,45
759,1239
759,350
759,147
759,65
759,1155
979,341
979,1618
979,1797
979,183
979,263
979,1619
979,740
979,144
979,65
979,1632
979,340
979,1155
979,338
979,1728
979,661
979,759
979,1677
979,485
979,342
979,303
549,1797
549,263
549,300
549,476
549,338
549,1728
549,1619
549,750
549,290
549,1618
549,678
549,65
549,342
549,949
549,1082
549,341
549,183
549,669
549,979
549,307
686,147
686,143
686,1177
686,983
686,679
686,164
686,290
686,183
686,1169
686,307
686,419
686,1077
686,1618
686,338
686,1467
686,381
686,341
686,263
686,342
686,1834
1413,759
1413,1096
1413,719
1413,1806
1413,862
1413,1239
1413,661
1413,1563
1413,65
1413,131
1413,1816
1413,1752
1413,116
1413,45
1413,57
1413,1671
1413,1767
1413,25
1413,979
1413,1102
719,759
719,1413
719,1563
719,45
719,1096
719,661
719,263
719,1671
719,1155
719,25
719,934
719,300
719,1816
719,1239
719,979
719,1797
719,116
719,534
719,65
719,303
1563,641
1563,1413
1563,759
1563,1063
1563,719
1563,849
1563,661
1563,1239
1563,1023
1563,1096
1563,1806
1563,65
1563,45
1563,1816
1563,1155
1563,1671
1563,25
1563,1102
1563,613
1563,979
300,1797
300,979
300,341
300,982
300,1045
300,340
300,263
300,661
300,562
300,115
300,303
300,1155
300,934
300,962
300,338
300,1677
300,114
300,171
300,25
300,144
1806,759
1806,719
1806,1413
1806,25
1806,1239
1806,1096
1806,1671
1806,368
1806,661
1806,1816
1806,65
1806,934
1806,1767
1806,1563
1806,45
1806,1034
1806,300
1806,116
1806,756
1806,282
368,666
368,563
368,562
368,338
368,342
368,307
368,147
368,341
368,1169
368,1797
368,759
368,263
368,290
368,219
368,183
368,1016
368,381
368,170
368,1102
368,983
282,338
282,1652
282,342
282,341
282,290
282,534
282,1220
282,340
282,1034
282,171
282,1155
282,1102
282,127
282,1671
282,661
282,1484
282,303
282,1045
282,1326
282,298
57,389
57,76
57,759
57,1413
57,1264
57,743
57,414
57,1639
57,1096
57,719
57,1239
57,116
57,405
57,169
57,341
57,934
57,1563
57,661
57,862
57,93
389,743
389,414
389,1639
389,1332
389,1264
389,57
389,1331
389,1259
389,76
389,618
389,1101
389,415
389,304
389,93
389,156
389,176
389,157
389,1040
389,599
389,531
76,743
76,389
76,1101
76,1331
76,57
76,414
76,1264
76,1332
76,93
76,1639
76,176
76,1413
76,1096
76,415
76,661
76,934
76,116
76,1239
76,1563
76,759
1264,743
1264,389
1264,1639
1264,1101
1264,76
1264,57
1264,1331
1264,93
1264,1413
1264,1040
1264,1096
1264,1608
1264,759
1264,394
1264,425
1264,862
1264,1465
1264,1239
1264,1563
1264,203
743,1101
743,1331
743,389
743,76
743,176
743,414
743,1264
743,57
743,1639
743,93
743,1413
743,1332
743,759
743,203
743,1465
743,1327
743,415
743,1096
743,1329
743,1563
414,389
414,1101
414,76
414,618
414,416
414,415
414,1331
414,57
414,743
414,93
414,1639
414,1096
414,1173
414,1465
414,1599
414,78
414,456
414,1303
414,1040
414,160
1639,389
1639,1332
1639,1264
1639,93
1639,414
1639,1480
1639,76
1639,57
1639,1278
1639,743
1639,157
1639,173
1639,1756
1639,1101
1639,1608
1639,1125
1639,1396
1639,1173
1639,394
1639,828
405,172
405,180
405,770
405,1394
405,1224
405,184
405,187
405,1165
405,1675
405,175
405,154
405,181
405,1164
405,1821
405,454
405,177
405,145
405,169
405,1442
405,1092
169,154
169,175
169,184
169,178
169,1018
169,120
169,1017
169,149
169,1160
169,151
169,172
169,314
169,716
169,32
169,1472
169,189
169,197
169,24
169,1821
169,1224
93,1608
93,1835
93,910
93,157
93,1173
93,590
93,1639
93,402
93,156
93,591
93,1495
93,589
93,1465
93,280
93,1040
93,394
93,963
93,333
93,880
93,1097
1734,1619
1734,65
1734,1671
1734,1816
1734,750
1734,1618
1734,392
1734,1096
1734,934
1734,290
1734,338
1734,1462
1734,116
1734,661
1734,1239
1734,112
1734,263
1734,534
1734,45
1734,1874
1462,218
1462,112
1462,1748
1462,399
1462,131
1462,912
1462,1868
1462,1763
1462,1866
1462,1764
1462,1768
1462,1143
1462,521
1462,1338
1462,311
1462,676
1462,1420
1462,1752
1462,1334
1462,560
218,1748
218,1768
218,1868
218,1762
218,912
218,131
218,1764
218,1763
218,1172
218,1752
218,1866
218,1573
218,560
218,1900
218,112
218,399
218,1354
218,1143
218,1874
218,90
399,521
399,1755
399,1486
399,1836
399,1900
399,702
399,158
399,1748
399,1304
399,1768
399,218
399,1763
399,1752
399,1762
399,1764
399,131
399,112
399,71
399,912
399,351
912,1748
912,1768
912,218
912,1868
912,131
912,1763
912,1573
912,560
912,1764
912,112
912,1354
912,780
912,878
912,399
912,1752
912,1143
912,1172
912,1874
912,1355
912,1462
1868,218
1868,1573
1868,912
1868,1172
1868,90
1868,560
1868,1403
1868,1866
1868,131
1868,1354
1868,1764
1868,1143
1868,15
1868,1748
1868,1752
1868,1874
1868,878
1868,1878
1868,780
1868,112
1866,218
1866,1868
1866,131
1866,1748
1866,1768
1866,112
1866,912
1866,1420
1866,1143
1866,1762
1866,1462
1866,399
1866,1764
1866,560
1866,1763
1866,1334
1866,1174
1866,1900
1866,1752
1866,878
1143,131
1143,90
1143,116
1143,1354
1143,15
1143,1868
1143,1767
1143,1760
1143,878
1143,218
1143,934
1143,1764
1143,112
1143,1752
1143,1900
1143,392
1143,1096
1143,1874
1143,560
1143,1172
521,399
521,1486
521,1755
521,1836
521,1900
521,1304
521,702
521,158
521,1748
521,1762
521,1175
521,1752
521,1763
521,1768
521,1764
521,229
521,1767
521,1753
521,351
521,671
1338,659
1338,1245
1338,191
1338,1866
1338,1748
1338,1900
1338,1752
1338,399
1338,1420
1338,521
1338,1755
1338,660
1338,1768
1338,112
1338,281
1338,218
1338,1868
1338,131
1338,1763
1338,1764
311,399
311,1338
311,1766
311,1462
311,1748
311,1765
311,1688
311,676
311,1749
311,218
311,665
311,1757
311,912
311,939
311,521
311,1763
311,1764
311,1768
311,49
311,112
676,399
676,1748
676,521
676,1755
676,1768
676,112
676,218
676,1338
676,1688
676,1900
676,939
676,1752
676,1757
676,682
676,1462
676,1762
676,1856
676,1763
676,1766
676,1764
1420,1900
1420,1866
1420,131
1420,1752
1420,1096
1420,934
1420,116
1420,1760
1420,112
1420,1767
1420,1764
1420,1868
1420,1143
1420,1763
1420,1748
1420,1768
1420,1671
1420,1762
1420,1753
1420,1734
1334,1752
1334,1143
1334,112
1334,1764
1334,1760
1334,521
1334,1748
1334,1763
1334,1420
1334,1753
1334,131
1334,1768
1334,671
1334,1762
1334,1900
1334,1767
1334,880
1334,399
1334,1868
1334,756
560,131
560,1172
560,1763
560,1764
560,1573
560,1868
560,218
560,1752
560,912
560,1143
560,1354
560,112
560,878
560,90
560,583
560,1874
560,116
560,1762
560,1748
560,780
1874,131
1874,1354
1874,1752
1874,15
1874,116
1874,90
1874,1900
1874,1868
1874,1143
1874,1096
1874,1762
1874,218
1874,1748
1874,112
1874,1764
1874,1573
1874,560
1874,1671
1874,1172
1874,1767
1354,90
1354,131
1354,116
1354,15
1354,912
1354,1573
1354,1172
1354,1143
1354,218
1354,1752
1354,560
1354,1748
1354,1874
1354,1763
1354,1868
1354,1355
1354,1768
1354,1764
1354,1900
1354,112
15,90
15,131
15,1172
15,116
15,1573
15,1868
15,1354
15,1764
15,1143
15,583
15,1353
15,1763
15,1874
15,1752
15,560
15,912
15,112
15,1096
15,1760
15,878
1573,1763
1573,560
1573,15
1573,1172
1573,131
1573,1354
1573,1868
1573,1764
1573,90
1573,912
1573,116
1573,218
1573,1768
1573,1874
1573,1143
1573,1752
1573,1748
1573,583
1573,112
1573,351
1172,560
1172,15
1172,90
1172,131
1172,1573
1172,116
1172,218
1172,1868
1172,1354
1172,912
1172,583
1172,1353
1172,1143
1172,1764
1172,1874
1172,1752
1172,878
1172,1113
1172,1878
1172,1349
1076,229
1076,661
1076,1485
1076,1760
1076,1767
1076,527
1076,577
1076,934
1076,1753
1076,1671
1076,671
1076,1078
1076,1143
1076,1239
1076,66
1076,760
1076,25
1076,1096
1076,1563
1076,1071
527,1078
527,910
527,1760
527,880
527,1212
527,1835
527,760
527,950
527,1767
527,1079
527,777
527,577
527,367
527,1621
527,1257
527,1753
527,593
527,536
527,383
527,811
1078,527
1078,910
1078,1760
1078,880
1078,760
1078,1835
1078,1212
1078,1260
1078,630
1078,215
1078,1829
1078,210
1078,1767
1078,777
1078,756
1078,367
1078,34
1078,1151
1078,28
1078,383
910,1835
910,1257
910,880
910,892
910,527
910,590
910,1879
910,867
910,1465
910,589
910,536
910,1621
910,591
910,1078
910,1212
910,1657
910,935
910,1822
910,142
910,1079
880,1257
880,910
880,1879
880,1289
880,1262
880,527
880,1345
880,297
880,391
880,1425
880,592
880,892
880,536
880,1829
880,1382
880,1212
880,1214
880,888
880,1783
880,1078
760,367
760,1835
760,630
760,210
760,577
760,590
760,777
760,1356
760,1212
760,527
760,1788
760,42
760,591
760,225
760,248
760,950
760,1079
760,1272
760,1078
760,1575
1835,910
1835,589
1835,590
1835,1465
1835,591
1835,527
1835,760
1835,1822
1835,1212
1835,559
1835,93
1835,880
1835,1078
1835,1621
1835,1173
1835,935
1835,867
1835,892
1835,10
1835,1540
1212,892
1212,1829
1212,1294
1212,910
1212,1389
1212,1079
1212,1835
1212,1410
1212,1822
1212,527
1212,10
1212,559
1212,935
1212,225
1212,210
1212,1732
1212,1657
1212,367
1212,880
1212,536
1260,888
1260,1325
1260,1257
1260,1289
1260,34
1260,60
1260,1290
1260,215
1260,28
1260,1829
1260,117
1260,711
1260,1262
1260,1151
1260,887
1260,1214
1260,1345
1260,585
1260,339
1260,222
630,760
630,215
630,1389
630,210
630,1356
630,798
630,225
630,455
630,60
630,1491
630,58
630,577
630,1824
630,66
630,777
630,34
630,1500
630,1212
630,1882
630,642
215,34
215,56
215,1824
215,1389
215,1151
215,630
215,1260
215,60
215,546
215,222
215,43
215,931
215,888
215,595
215,339
215,1290
215,530
215,1860
215,1345
215,642
1829,1345
1829,1257
1829,593
1829,28
1829,393
1829,1079
1829,490
1829,844
1829,932
1829,892
1829,1212
1829,335
1829,150
1829,1382
1829,1758
1829,887
1829,332
1829,1289
1829,1293
1829,880
210,1575
210,1657
210,1294
210,225
210,1212
210,760
210,1732
210,630
210,892
210,598
210,1356
210,932
210,1194
210,1343
210,777
210,1829
210,1079
210,367
210,332
210,559
777,950
777,1079
777,595
777,629
777,760
777,1139
777,225
777,1611
777,1212
777,248
777,869
777,367
777,1272
777,577
777,1149
777,1869
777,1238
777,1356
777,79
777,1829
367,760
367,1079
367,1149
367,593
367,1212
367,1272
367,1134
367,103
367,777
367,1031
367,1732
367,29
367,1294
367,435
367,527
367,1575
367,1788
367,210
367,767
367,1835
34,56
34,215
34,546
34,888
34,1151
34,222
34,1518
34,1257
34,43
34,1345
34,931
34,1260
34,1290
34,530
34,494
34,1860
34,1262
34,506
34,228
34,297
1151,56
1151,222
1151,1257
1151,1345
1151,34
1151,1262
1151,546
1151,530
1151,1518
1151,297
1151,215
1151,383
1151,43
1151,1382
1151,1829
1151,28
1151,506
1151,931
1151,228
1151,1860
28,1257
28,1289
28,1829
28,1345
28,332
28,1262
28,222
28,1382
28,228
28,1151
28,383
28,593
28,888
28,1079
28,297
28,1214
28,1879
28,1260
28,530
28,1425
383,593
383,1257
383,222
383,1262
383,530
383,1345
383,1151
383,1149
383,391
383,28
383,1382
383,1079
383,56
383,1518
383,1783
383,1685
383,297
383,332
383,1829
383,34
950,535
950,536
950,1737
950,1079
950,869
950,811
950,777
950,1212
950,467
950,1238
950,892
950,1382
950,1028
950,595
950,1842
950,248
950,138
950,799
950,1202
950,567
535,709
535,467
535,1528
535,921
535,1200
535,950
535,1737
535,1028
535,948
535,1238
535,869
535,1032
535,1456
535,1865
535,567
535,536
535,1229
535,951
535,585
535,1497
536,1257
536,110
536,585
536,1425
536,1289
536,950
536,1079
536,892
536,1879
536,1382
536,593
536,535
536,910
536,1200
536,1202
536,138
536,880
536,391
536,1212
536,1262
1737,535
1737,950
1737,831
1737,1202
1737,948
1737,573
1737,709
1737,467
1737,799
1737,567
1737,1865
1737,1458
1737,811
1737,1391
1737,869
1737,248
1737,951
1737,1528
1737,1032
1737,921
1079,593
1079,1829
1079,892
1079,1257
1079,1212
1079,1149
1079,536
1079,1382
1079,950
1079,777
1079,1732
1079,79
1079,332
1079,867
1079,1345
1079,367
1079,383
1079,28
1079,932
1079,935
869,1028
869,535
869,467
869,950
869,1200
869,1238
869,595
869,1737
869,225
869,1869
869,248
869,1740
869,1456
869,709
869,1528
869,777
869,948
869,1139
869,1611
869,629
811,1842
811,1425
811,882
811,1479
811,1391
811,799
811,1386
811,824
811,59
811,831
811,324
811,950
811,1737
811,1202
811,1815
811,573
811,536
811,1621
811,535
811,1388
467,535
467,1238
467,1028
467,709
467,339
467,1200
467,921
467,869
467,248
467,950
467,1737
467,595
467,1032
467,1528
467,1456
467,948
467,493
467,536
467,1497
467,1869
1238,1028
1238,467
1238,535
1238,1200
1238,1869
1238,595
1238,339
1238,629
1238,1528
1238,950
1238,869
1238,1611
1238,709
1238,79
1238,1129
1238,777
1238,593
1238,585
1238,1139
1238,948
892,867
892,1657
892,1822
892,935
892,1732
892,1212
892,1079
892,490
892,910
892,104
892,536
892,1257
892,1202
892,79
892,1829
892,335
892,598
892,844
892,593
892,831
1382,1257
1382,1262
1382,1289
1382,1783
1382,1345
1382,592
1382,28
1382,1425
1382,1879
1382,383
1382,297
1382,1829
1382,1151
1382,222
1382,530
1382,888
1382,593
1382,332
1382,1518
1382,536
1028,1200
1028,1238
1028,869
1028,535
1028,1528
1028,467
1028,948
1028,595
1028,1032
1028,1869
1028,1379
1028,1456
1028,709
1028,950
1028,1129
1028,921
1028,1611
1028,967
1028,339
1028,1516
595,339
595,43
595,777
595,1238
595,869
595,1028
595,629
595,215
595,950
595,467
595,1079
595,1611
595,1869
595,222
595,535
595,887
595,1200
595,225
595,1829
595,585
1842,811
1842,1479
1842,1391
1842,799
1842,1425
1842,1386
1842,59
1842,882
1842,500
1842,831
1842,1388
1842,1496
1842,950
1842,573
1842,1202
1842,1815
1842,1737
1842,535
1842,1621
1842,138
248,225
248,1
248,10
248,467
248,1540
248,1737
248,1664
248,777
248,657
248,798
248,1139
248,590
248,869
248,1087
248,591
248,1356
248,950
248,999
248,1212
248,455
138,536
138,1202
138,567
138,951
138,1531
138,831
138,950
138,892
138,1805
138,1244
138,1386
138,948
138,535
138,1732
138,1528
138,1842
138,1737
138,573
138,1391
138,1456
799,811
799,1842
799,1391
799,1497
799,1202
799,1737
799,1479
799,831
799,1386
799,1388
799,882
799,1425
799,535
799,59
799,573
799,1621
799,709
799,950
799,1458
799,536
1202,831
1202,1391
1202,1531
1202,1865
1202,892
1202,1737
1202,1458
1202,799
1202,1243
1202,573
1202,524
1202,536
1202,138
1202,1621
1202,1425
1202,951
1202,950
1202,921
1202,867
1202,811
567,535
567,1737
567,1200
567,1865
567,709
567,948
567,1202
567,1528
567,921
567,138
567,951
567,1667
567,950
567,831
567,536
567,1456
567,467
567,322
567,1531
567,585
577,629
577,760
577,777
577,1139
577,630
577,367
577,1356
577,1788
577,1869
577,1272
577,1611
577,527
577,1885
577,225
577,29
577,1149
577,1127
577,66
577,1558
577,42
629,1869
629,1139
629,1558
629,79
629,1611
629,577
629,1238
629,593
629,1356
629,1885
629,43
629,339
629,29
629,66
629,1127
629,60
629,777
629,1272
629,595
629,465
1139,1885
1139,29
1139,639
1139,1869
1139,629
1139,79
1139,1380
1139,1611
1139,1558
1139,864
1139,1788
1139,1272
1139,1356
1139,798
1139,1127
1139,1510
1139,455
1139,777
1139,1074
1139,577
1356,1499
1356,1788
1356,1885
1356,1
1356,1857
1356,1240
1356,1139
1356,1037
1356,760
1356,630
1356,210
1356,798
1356,434
1356,29
1356,864
1356,513
1356,1346
1356,657
1356,629
1356,1380
1788,1356
1788,1885
1788,864
1788,938
1788,1402
1788,29
1788,1139
1788,270
1788,1385
1788,1789
1788,1745
1788,1130
1788,1380
1788,1037
1788,513
1788,1074
1788,640
1788,1149
1788,1857
1788,367
1869,1139
1869,629
1869,1611
1869,79
1869,1238
1869,1028
1869,1885
1869,869
1869,1788
1869,29
1869,1558
1869,467
1869,577
1869,777
1869,864
1869,248
1869,595
1869,1796
1869,1356
1869,1127
1272,1139
1272,29
1272,79
1272,593
1272,1127
1272,367
1272,739
1272,777
1272,1149
1272,1079
1272,1885
1272,629
1272,1575
1272,584
1272,1869
1272,1514
1272,1131
1272,1611
1272,103
1272,1134
1611,629
1611,1139
1611,1869
1611,777
1611,1028
1611,1238
1611,1885
1611,43
1611,79
1611,595
1611,1558
1611,869
1611,864
1611,577
1611,1272
1611,339
1611,467
1611,1356
1611,950
1611,1127
1885,1788
1885,864
1885,1380
1885,1356
1885,29
1885,1139
1885,270
1885,1385
1885,639
1885,1745
1885,938
1885,69
1885,1074
1885,1499
1885,1037
1885,1402
1885,640
1885,1789
1885,1857
1885,1081
225,248
225,1
225,10
225,1540
225,1664
225,798
225,1194
225,657
225,210
225,777
225,1087
225,1212
225,1389
225,630
225,1356
225,66
225,1500
225,455
225,1410
225,762
29,1139
29,1885
29,1145
29,1789
29,1131
29,1745
29,1127
29,864
29,1788
29,69
29,1272
29,640
29,1130
29,1149
29,1134
29,1514
29,79
29,1510
29,30
29,1031
1149,506
1149,593
1149,1685
1149,336
1149,1079
1149,222
1149,383
1149,1134
1149,393
1149,1514
1149,1131
1149,530
1149,43
1149,1151
1149,332
1149,367
1149,625
1149,1137
1149,1829
1149,29
1127,29
1127,593
1127,79
1127,1272
1127,1139
1127,739
1127,1149
1127,629
1127,1079
1127,584
1127,383
1127,367
1127,1869
1127,1238
1127,777
1127,1611
1127,1134
1127,1131
1127,1514
1127,1885
66,1389
66,455
66,225
66,629
66,1410
66,79
66,215
66,630
66,1212
66,559
66,1835
66,248
66,798
66,1792
66,60
66,10
66,527
66,1540
66,590
66,1824
1558,629
1558,1139
1558,1074
1558,1885
1558,864
1558,639
1558,455
1558,798
1558,1869
1558,1611
1558,1402
1558,1356
1558,1788
1558,725
1558,577
1558,1824
1558,1035
1558,777
1558,215
1558,1407
42,760
42,210
42,1212
42,367
42,1294
42,527
42,1078
42,630
42,767
42,777
42,1575
42,577
42,1079
42,1882
42,1857
42,1732
42,1356
42,285
42,559
42,1272
1621,910
1621,1391
1621,831
1621,1202
1621,799
1621,811
1621,1835
1621,1531
1621,1465
1621,1458
1621,1737
1621,527
1621,882
1621,892
1621,1842
1621,880
1621,1425
1621,567
1621,573
1621,950
1391,811
1391,1425
1391,882
1391,1842
1391,1202
1391,799
1391,59
1391,1479
1391,1386
1391,1815
1391,1531
1391,1621
1391,831
1391,324
1391,1737
1391,1470
1391,1865
1391,824
1391,535
1391,1458
831,1202
831,573
831,1737
831,1458
831,1621
831,1391
831,799
831,1842
831,1243
831,811
831,950
831,1425
831,138
831,892
831,882
831,536
831,567
831,1865
831,1732
831,39
1531,921
1531,1865
1531,1193
1531,1508
1531,1819
1531,524
1531,1391
1531,1532
1531,525
1531,1656
1531,1167
1531,1202
1531,951
1531,605
1531,1458
1531,1667
1531,138
1531,1653
1531,952
1531,1323
1465,1835
1465,589
1465,910
1465,590
1465,591
1465,880
1465,1621
1465,892
1465,527
1465,867
1465,93
1465,536
1465,1212
1465,1822
1465,248
1465,559
1465,142
1465,1173
1465,1391
1465,762
1458,1865
1458,1193
1458,1531
1458,1202
1458,525
1458,831
1458,1508
1458,524
1458,1737
1458,1391
1458,39
1458,1621
1458,1553
1458,567
1458,921
1458,264
1458,558
1458,573
1458,951
1458,138
882,1425
882,1815
882,59
882,1391
882,500
882,16
882,811
882,824
882,1479
882,1470
882,1257
882,1842
882,1289
882,109
882,1386
882,799
882,1262
882,792
882,1480
882,1892
1425,1257
1425,1289
1425,882
1425,59
1425,1815
1425,1262
1425,811
1425,592
1425,1879
1425,1391
1425,536
1425,1325
1425,500
1425,888
1425,1382
1425,391
1425,297
1425,1783
1425,96
1425,16
573,831
573,1737
573,1202
573,1243
573,799
573,1842
573,1458
573,138
573,535
573,811
573,1391
573,1865
573,950
573,1621
573,567
573,892
573,536
573,1479
573,1531
573,948
1257,1262
1257,592
1257,888
1257,1289
1257,1783
1257,1879
1257,297
1257,1214
1257,1345
1257,1518
1257,391
1257,1382
1257,117
1257,530
1257,96
1257,28
1257,1325
1257,1425
1257,56
1257,1290
1262,1257
1262,592
1262,888
1262,1783
1262,1214
1262,117
1262,1518
1262,1879
1262,1289
1262,1325
1262,297
1262,530
1262,1290
1262,96
1262,1345
1262,1828
1262,432
1262,391
1262,1207
1262,56
592,1262
592,1257
592,888
592,1783
592,1518
592,1879
592,426
592,117
592,432
592,530
592,317
592,1214
592,1325
592,1255
592,297
592,1828
592,1290
592,96
592,1820
592,1207
888,1262
888,1257
888,117
888,1325
888,592
888,432
888,1879
888,96
888,1518
888,1214
888,1783
888,1290
888,711
888,297
888,1289
888,56
888,1519
888,530
888,937
888,1260
1289,1257
1289,1325
1289,1262
1289,117
1289,888
1289,1879
1289,592
1289,96
1289,1425
1289,1783
1289,28
1289,1260
1289,1382
1289,1214
1289,711
1289,1345
1289,522
1289,332
1289,1829
1289,432
1783,1262
1783,592
1783,1257
1783,888
1783,1518
1783,1214
1783,1879
1783,297
1783,1289
1783,1828
1783,530
1783,117
1783,1290
1783,391
1783,432
1783,1345
1783,1325
1783,1382
1783,56
1783,96
1879,1257
1879,888
1879,1262
1879,117
1879,592
1879,1289
1879,96
1879,1783
1879,1214
1879,1325
1879,432
1879,1518
1879,297
1879,200
1879,391
1879,1382
1879,880
1879,1425
1879,1345
1879,711
297,1257
297,1262
297,592
297,1518
297,1783
297,888
297,56
297,1345
297,1879
297,1214
297,530
297,1289
297,391
297,222
297,1382
297,1828
297,1290
297,117
297,1207
297,546
1214,1257
1214,888
1214,1262
1214,117
1214,592
1214,1518
1214,1783
1214,297
1214,1879
1214,96
1214,1289
1214,432
1214,1325
1214,1290
1214,56
1214,1345
1214,1828
1214,711
1214,530
1214,937
1345,1257
1345,1829
1345,1262
1345,56
1345,297
1345,28
1345,393
1345,222
1345,888
1345,1518
1345,592
1345,1289
1345,530
1345,228
1345,1783
1345,1214
1345,1151
1345,206
1345,1382
1345,1879
1518,592
1518,888
1518,1262
1518,1257
1518,1783
1518,297
1518,530
1518,1214
1518,1290
1518,1345
1518,117
1518,56
1518,1879
1518,1828
1518,1207
1518,222
1518,1255
1518,426
1518,391
1518,336
391,1257
391,1783
391,592
391,1262
391,888
391,1879
391,297
391,530
391,1518
391,96
391,1289
391,1425
391,1828
391,1345
391,383
391,1382
391,1214
391,593
391,56
391,880
117,888
117,1325
117,96
117,432
117,1262
117,1257
117,1879
117,1214
117,592
117,711
117,1289
117,937
117,1518
117,1290
117,1783
117,522
117,1519
117,1828
117,297
117,391
530,1257
530,1262
530,56
530,592
530,1518
530,222
530,1783
530,297
530,888
530,1345
530,1151
530,546
530,383
530,336
530,391
530,506
530,1828
530,34
530,1290
530,1879
96,1325
96,432
96,117
96,711
96,888
96,522
96,1257
96,1262
96,1879
96,1214
96,937
96,1289
96,592
96,456
96,1783
96,319
96,1084
96,1290
96,1607
96,391
1325,96
1325,432
1325,711
1325,117
1325,888
1325,1257
1325,1289
1325,592
1325,1262
1325,937
1325,522
1325,1879
1325,1607
1325,1214
1325,1290
1325,1260
1325,319
1325,456
1325,1519
1325,110
56,546
56,34
56,222
56,530
56,1518
56,1257
56,297
56,1860
56,506
56,1345
56,1151
56,737
56,888
56,1262
56,931
56,215
56,592
56,793
56,43
56,228
1290,888
1290,1262
1290,1257
1290,1518
1290,592
1290,1325
1290,117
1290,1214
1290,1783
1290,297
1290,1260
1290,1345
1290,56
1290,1879
1290,1519
1290,34
1290,530
1290,96
1290,1289
1290,1151
593,1079
593,383
593,1149
593,79
593,1829
593,892
593,536
593,1732
593,367
593,1257
593,332
593,1272
593,739
593,585
593,1134
593,435
593,391
593,1382
593,1685
593,867
79,1139
79,593
79,629
79,1300
79,1272
79,892
79,1869
79,1127
79,1079
79,867
79,739
79,1687
79,935
79,1885
79,1238
79,1212
79,29
79,1149
79,1657
79,1611
1732,892
1732,1294
1732,1575
1732,490
1732,867
1732,1657
1732,935
1732,1079
1732,1343
1732,593
1732,1212
1732,932
1732,1822
1732,536
1732,1829
1732,767
1732,367
1732,598
1732,138
1732,104
332,28
332,1257
332,1289
332,1829
332,1345
332,1079
332,1382
332,593
332,1294
332,932
332,383
332,1732
332,1262
332,222
332,536
332,1149
332,530
332,297
332,1151
332,892
739,593
739,1127
739,1272
739,767
739,1079
739,1294
739,1244
739,79
739,1732
739,1575
739,367
739,584
739,892
739,1134
739,950
739,285
739,1139
739,435
739,1149
739,777
585,522
585,536
585,1325
585,96
585,1200
585,493
585,1257
585,921
585,339
585,1289
585,593
585,888
585,535
585,1425
585,456
585,1879
585,391
585,592
585,887
585,110
1134,1149
1134,435
1134,69
1134,1514
1134,270
1134,1138
1134,29
1134,367
1134,593
1134,654
1134,1131
1134,1885
1134,980
1134,1272
1134,1385
1134,640
1134,1495
1134,1127
1134,1137
1134,1031
435,1134
435,980
435,69
435,654
435,430
435,1771
435,593
435,1732
435,103
435,29
435,367
435,1514
435,1149
435,1294
435,932
435,1073
435,1031
435,1221
435,1079
435,1252
1685,1149
1685,1783
1685,336
1685,383
1685,530
1685,593
1685,222
1685,506
1685,592
1685,625
1685,1257
1685,1518
1685,56
1685,546
1685,297
1685,1262
1685,391
1685,1382
1685,1079
1685,1137
867,892
867,1657
867,1822
867,935
867,910
867,79
867,1732
867,1079
867,1342
867,108
867,1212
867,104
867,490
867,1835
867,380
867,593
867,536
867,1202
867,1300
867,1080
671,1767
671,1753
671,229
671,1476
671,1485
671,1760
671,1752
671,1762
671,351
671,382
671,1764
671,672
671,1763
671,1304
671,100
671,131
671,631
671,1900
671,1406
671,527
382,631
382,1485
382,229
382,568
382,1767
382,672
382,1429
382,1753
382,369
382,1476
382,1246
382,1154
382,1034
382,379
382,671
382,102
382,652
382,31
382,620
382,900
631,1485
631,382
631,229
631,364
631,1767
631,379
631,162
631,1753
631,661
631,671
631,113
631,369
631,1034
631,94
631,386
631,1760
631,870
631,889
631,1154
631,1155
568,1429
568,369
568,1154
568,1246
568,620
568,652
568,102
568,382
568,1586
568,31
568,1367
568,55
568,1306
568,900
568,1746
568,1570
568,1158
568,1320
568,1433
568,1718
1429,1246
1429,1158
1429,1433
1429,652
1429,1746
1429,232
1429,620
1429,1140
1429,369
1429,568
1429,1154
1429,102
1429,354
1429,31
1429,1306
1429,406
1429,1121
1429,1036
1429,1428
1429,382
369,1429
369,1246
369,1154
369,568
369,102
369,232
369,1367
369,1586
369,1746
369,1140
369,379
369,1158
369,382
369,652
369,1718
369,947
369,1433
369,488
369,354
369,620
1246,1429
1246,1746
1246,1158
1246,1433
1246,232
1246,369
1246,1154
1246,379
1246,1305
1246,102
1246,354
1246,1121
1246,735
1246,652
1246,488
1246,1248
1246,1140
1246,561
1246,102
1246,1428
1154,1429
1154,1246
1154,369
1154,1367
1154,1306
1154,1586
1154,568
1154,232
1154,102
1154,1718
1154,1746
1154,379
1154,488
1154,652
1154,620
1154,382
1154,354
1154,947
1154,1140
1154,55
379,1622
379,308
379,1718
379,947
379,488
379,234
379,1746
379,1246
379,1346
379,735
379,1305
379,1306
379,1367
379,718
379,861
379,1240
379,1154
379,1083
379,369
379,1473
102,1367
102,369
102,1586
102,1429
102,1154
102,1246
102,488
102,568
102,947
102,379
102,1746
102,354
102,900
102,1622
102,308
102,1570
102,473
102,1718
102,232
102,1305
652,620
652,1429
652,1036
652,1158
652,885
652,1433
652,31
652,1246
652,55
652,1746
652,1548
652,1251
652,1154
652,1098
652,568
652,1578
652,98
652,1488
652,52
652,369
31,1429
31,561
31,620
31,652
31,1746
31,885
31,1036
31,1246
31,1158
31,568
31,98
31,55
31,1098
31,1433
31,1154
31,1578
31,1614
31,382
31,369
31,1251
620,652
620,1158
620,1429
620,1036
620,885
620,1433
620,55
620,1488
620,1548
620,1578
620,1251
620,31
620,1246
620,52
620,568
620,1098
620,1154
620,1746
620,1727
620,1295
900,1775
900,856
900,250
900,617
900,1426
900,251
900,1299
900,1522
900,1634
900,790
900,1348
900,501
900,520
900,212
900,1650
900,794
900,1421
900,1555
900,647
900,1809
656,1096
656,1413
656,934
656,1816
656,45
656,1671
656,1563
656,1344
656,661
656,25
656,1760
656,1797
656,759
656,1239
656,979
656,116
656,1734
656,1619
656,1420
656,723
1344,1797
1344,1863
1344,934
1344,45
1344,740
1344,979
1344,1619
1344,1728
1344,479
1344,263
1344,63
1344,1563
1344,65
1344,197
1344,661
1344,1096
1344,656
1344,1413
1344,116
1344,341
1863,1018
1863,314
1863,1797
1863,642
1863,24
1863,197
1863,757
1863,962
1863,1677
1863,1813
1863,979
1863,424
1863,1491
1863,610
1863,341
1863,1560
1863,263
1863,36
1863,114
1863,942
1018,1017
1018,314
1018,197
1018,24
1018,1520
1018,757
1018,1863
1018,962
1018,32
1018,635
1018,424
1018,642
1018,169
1018,610
1018,1677
1018,1160
1018,716
1018,1560
1018,768
1018,315
314,757
314,1517
314,120
314,1160
314,197
314,612
314,945
314,24
314,17
314,1048
314,610
314,32
314,1018
314,315
314,1324
314,768
314,196
314,1526
314,1813
314,325
642,1491
642,1814
642,1697
642,905
642,1310
642,91
642,1501
642,492
642,942
642,1389
642,60
642,62
642,1824
642,1340
642,1203
642,610
642,36
642,1227
642,768
642,197
24,197
24,757
24,1018
24,17
24,120
24,1517
24,1526
24,612
24,314
24,1324
24,610
24,1472
24,1160
24,1520
24,611
24,716
24,328
24,768
24,325
24,196
197,610
197,1517
197,757
197,612
197,120
197,17
197,1160
197,1526
197,1018
197,24
197,1813
197,768
197,1472
197,196
197,314
197,1324
197,328
197,1814
197,67
197,1228
757,17
757,120
757,1517
757,197
757,314
757,1160
757,612
757,1324
757,610
757,1048
757,328
757,196
757,1526
757,1472
757,1813
757,24
757,82
757,1814
757,611
757,768
962,1018
962,1017
962,1863
962,24
962,424
962,197
962,314
962,1677
962,83
962,642
962,169
962,1160
962,757
962,1521
962,716
962,1520
962,120
962,944
962,610
962,612
1677,1018
1677,197
1677,169
1677,1863
1677,24
1677,1521
1677,1017
1677,1122
1677,962
1677,341
1677,340
1677,979
1677,255
1677,114
1677,424
1677,757
1677,1560
1677,1160
1677,314
1677,716
1813,757
1813,197
1813,1517
1813,1814
1813,610
1813,17
1813,120
1813,82
1813,314
1813,196
1813,1324
1813,328
1813,1160
1813,612
1813,1203
1813,91
1813,1048
1813,768
1813,1526
1813,36
424,83
424,1018
424,24
424,197
424,757
424,502
424,962
424,1160
424,1526
424,328
424,1862
424,612
424,1520
424,67
424,75
424,1017
424,62
424,1521
424,1750
424,17
1491,642
1491,1697
1491,62
1491,1310
1491,1389
1491,1824
1491,905
1491,942
1491,1501
1491,60
1491,1814
1491,492
1491,223
1491,1407
1491,1340
1491,630
1491,215
1491,1513
1491,34
1491,632
610,197
610,120
610,1517
610,17
610,757
610,1160
610,612
610,1324
610,768
610,328
610,1526
610,196
610,1813
610,1814
610,314
610,1228
610,24
610,82
610,387
610,945
1560,710
1560,1862
1560,61
1560,253
1560,1520
1560,120
1560,1017
1560,197
1560,1160
1560,508
1560,1220
1560,24
1560,1018
1560,716
1560,17
1560,757
1560,612
1560,1517
1560,169
1560,1526
36,1203
36,757
36,91
36,1814
36,1048
36,82
36,1813
36,196
36,642
36,768
36,328
36,32
36,1150
36,197
36,1227
36,610
36,320
36,1754
36,314
36,1395
114,340
114,1605
114,291
114,1677
114,485
114,255
114,705
114,171
114,254
114,161
114,1105
114,1045
114,789
114,1033
114,127
114,1122
114,962
114,979
114,1155
114,1484
942,1697
942,642
942,1407
942,1491
942,1824
942,455
942,905
942,60
942,1501
942,1511
942,215
942,1389
942,725
942,1513
942,492
942,1310
942,62
942,1417
942,1340
942,798
740,979
740,1619
740,1728
740,1618
740,479
740,45
740,65
740,341
740,338
740,263
740,144
740,24
740,1797
740,290
740,750
740,661
740,1632
740,1677
740,340
740,1521
144,1261
144,643
144,979
144,21
144,63
144,740
144,1397
144,1859
144,424
144,1862
144,556
144,299
144,673
144,966
144,83
144,1521
144,710
144,1635
144,1337
144,680
1521,1635
1521,691
1521,556
1521,342
1521,1825
1521,1261
1521,1484
1521,1632
1521,338
1521,643
1521,1409
1521,673
1521,696
1521,680
1521,340
1521,1677
1521,107
1521,1220
1521,701
1521,171
63,1397
63,21
63,144
63,643
63,1728
63,556
63,476
63,1521
63,1261
63,966
63,24
63,1082
63,740
63,1862
63,710
63,979
63,424
63,673
63,1677
63,1560
1397,21
1397,63
1397,144
1397,562
1397,1336
1397,643
1397,174
1397,1825
1397,1728
1397,1205
1397,114
1397,1677
1397,1605
1397,126
1397,161
1397,1635
1397,1105
1397,1521
1397,664
1397,691
21,643
21,1397
21,562
21,1261
21,63
21,144
21,1635
21,1336
21,161
21,966
21,1105
21,1711
21,691
21,1521
21,1205
21,1825
21,1728
21,485
21,219
21,342
643,1261
643,502
643,1711
643,680
643,46
643,21
643,1337
643,144
643,1521
643,677
643,1825
643,691
643,63
643,673
643,1409
643,966
643,693
643,1397
643,1484
643,664
476,678
476,63
476,1797
476,549
476,263
476,1728
476,750
476,338
476,694
476,290
476,669
476,1016
476,1618
476,1082
476,147
476,638
476,1632
476,1619
476,1169
476,342
1261,643
1261,502
1261,46
1261,1711
1261,680
1261,1337
1261,144
1261,21
1261,1825
1261,677
1261,1521
1261,693
1261,691
1261,556
1261,1635
1261,1409
1261,673
1261,424
1261,296
1261,1862
966,1875
966,299
966,1399
966,1525
966,1818
966,637
966,1859
966,442
966,664
966,21
966,643
966,724
966,144
966,1632
966,773
966,63
966,1728
966,694
966,703
966,572
1862,710
1862,1560
1862,253
1862,508
1862,61
1862,1220
1862,512
1862,197
1862,424
1862,1017
1862,716
1862,1160
1862,1261
1862,757
1862,24
1862,83
1862,17
1862,610
1862,1018
1862,1526
710,1862
710,253
710,1560
710,508
710,1220
710,512
710,61
710,424
710,1192
710,1484
710,342
710,1521
710,1825
710,338
710,1409
710,556
710,107
710,673
710,1643
710,1261
673,313
673,946
673,1484
673,83
673,342
673,338
673,1521
673,643
673,107
673,556
673,1261
673,144
673,1409
673,750
673,552
673,696
673,1825
673,263
673,502
673,691
723,759
723,1797
723,1077
723,1816
723,368
723,1674
723,1413
723,1563
723,1509
723,1619
723,263
723,656
723,773
723,1671
723,661
723,911
723,934
723,341
723,1096
723,307
1077,284
1077,147
1077,290
1077,983
1077,143
1077,183
1077,679
1077,338
1077,1169
1077,307
1077,263
1077,1797
1077,368
1077,686
1077,381
1077,1467
1077,303
1077,341
1077,1509
1077,666
284,1077
284,147
284,4
284,290
284,1169
284,667
284,338
284,700
284,307
284,183
284,750
284,263
284,341
284,1619
284,107
284,342
284,303
284,934
284,45
284,1177
983,1077
983,147
983,679
983,338
983,307
983,686
983,183
983,290
983,341
983,1169
983,143
983,170
983,1177
983,666
983,749
983,381
983,263
983,259
983,1288
983,368
1467,290
1467,307
1467,381
1467,263
1467,341
1467,1169
1467,1077
1467,338
1467,342
1467,678
1467,1205
1467,183
1467,1102
1467,1288
1467,186
1467,749
1467,170
1467,1177
1467,1632
1467,694
1509,1817
1509,147
1509,1114
1509,669
1509,381
1509,666
1509,290
1509,164
1509,983
1509,307
1509,1619
1509,183
1509,1169
1509,338
1509,1797
1509,342
1509,170
1509,1205
1509,1288
1509,263
1674,1016
1674,1114
1674,562
1674,1021
1674,563
1674,666
1674,1797
1674,694
1674,341
1674,485
1674,1288
1674,263
1674,1205
1674,1632
1674,721
1674,170
1674,706
1674,219
1674,697
1674,1728
1016,563
1016,1114
1016,562
1016,219
1016,1674
1016,170
1016,666
1016,694
1016,1288
1016,1474
1016,485
1016,341
1016,263
1016,342
1016,675
1016,1205
1016,1797
1016,307
1016,1021
1016,697
1114,1016
1114,562
1114,563
1114,1674
1114,1817
1114,1474
1114,694
1114,170
1114,485
1114,1021
1114,1509
1114,1102
1114,219
1114,1205
1114,1288
1114,341
1114,706
1114,161
1114,721
1114,1632
1021,765
1021,1875
1021,1674
1021,1016
1021,1114
1021,1399
1021,1556
1021,637
1021,562
1021,694
1021,563
1021,1817
1021,966
1021,706
1021,1525
1021,721
1021,485
1021,675
1021,170
1021,773
773,1399
773,299
773,1674
773,1875
773,966
773,442
773,1797
773,637
773,263
773,1502
773,1818
773,340
773,572
773,1728
773,1226
773,876
773,750
773,1716
773,1525
773,827
1399,1525
1399,1875
1399,966
1399,1818
1399,299
1399,637
1399,1859
1399,1556
1399,664
1399,773
1399,764
1399,442
1399,724
1399,1071
1399,1502
1399,1478
1399,1716
1399,571
1399,1632
1399,1422
299,966
299,1525
299,1875
299,1859
299,1399
299,1818
299,1478
299,724
299,637
299,773
299,442
299,144
299,664
299,1556
299,764
299,1728
299,1632
299,254
299,979
299,1071
1875,1525
1875,1399
1875,966
1875,299
1875,1818
1875,637
1875,1478
1875,1556
1875,1859
1875,442
1875,1021
1875,664
1875,773
1875,1632
1875,1114
1875,1728
1875,1071
1875,1674
1875,694
1875,340
442,1525
442,966
442,1875
442,1818
442,1399
442,1268
442,299
442,637
442,168
442,664
442,571
442,533
442,704
442,195
442,1798
442,557
442,1422
442,773
442,544
442,489
637,1632
637,966
637,1525
637,1399
637,485
637,170
637,1021
637,342
637,1875
637,706
637,161
637,638
637,694
637,263
637,341
637,675
637,1728
637,1105
637,1016
637,340
1502,975
1502,637
1502,571
1502,1716
1502,1399
1502,876
1502,471
1502,827
1502,1422
1502,442
1502,481
1502,773
1502,572
1502,704
1502,1875
1502,533
1502,1883
1502,1525
1502,1071
1502,299
1818,1525
1818,1399
1818,1875
1818,966
1818,1556
1818,764
1818,299
1818,1478
1818,637
1818,442
1818,1859
1818,1128
1818,1071
1818,664
1818,773
1818,1114
1818,1629
1818,1226
1818,254
1818,925
572,299
572,1858
572,571
572,755
572,827
572,106
572,637
572,966
572,1716
572,442
572,1399
572,1502
572,1859
572,664
572,979
572,1525
572,275
572,179
572,876
572,1875
1226,1629
1226,925
1226,125
1226,1071
1226,1110
1226,733
1226,127
1226,146
1226,340
1226,291
1226,171
1226,485
1226,1045
1226,773
1226,1105
1226,1155
1226,1022
1226,534
1226,1399
1226,1875
876,1502
876,637
876,1399
876,1716
876,975
876,827
876,1525
876,572
876,442
876,1422
876,1184
876,1875
876,1071
876,773
876,1883
876,1818
876,571
876,664
876,1072
876,340
1716,1502
1716,1422
1716,975
1716,1399
1716,637
1716,572
1716,1375
1716,571
1716,966
1716,876
1716,1883
1716,442
1716,664
1716,1071
1716,1525
1716,73
1716,1875
1716,557
1716,1812
1716,299
1525,1399
1525,1875
1525,1818
1525,966
1525,299
1525,1556
1525,637
1525,1478
1525,1859
1525,764
1525,724
1525,664
1525,442
1525,690
1525,773
1525,703
1525,1632
1525,571
1525,827
1525,572
827,1502
827,572
827,637
827,1399
827,876
827,1525
827,571
827,1858
827,1716
827,1818
827,773
827,442
827,664
827,975
827,1875
827,299
827,755
827,1422
827,966
827,1739
911,723
911,656
911,1077
911,299
911,934
911,368
911,1344
911,1816
911,1420
911,45
911,116
911,1618
911,1728
911,1096
911,979
911,263
911,759
911,1413
911,1169
911,388
388,479
388,740
388,979
388,1619
388,1793
388,934
388,45
388,1618
388,750
388,275
388,1082
388,1344
388,65
388,710
388,755
388,1794
388,338
388,1169
388,1734
388,106
1175,1358
1175,1791
1175,1768
1175,521
1175,543
1175,399
1175,1748
1175,1315
1175,480
1175,758
1175,1755
1175,1486
1175,1646
1175,1752
1175,1764
1175,1535
1175,12
1175,1767
1175,1304
1175,1763
1358,1175
1358,543
1358,480
1358,1646
1358,458
1358,1253
1358,1447
1358,1153
1358,243
1358,12
1358,1100
1358,345
1358,1596
1358,444
1358,1176
1358,395
1358,1534
1358,1535
1358,1683
1358,783
543,1116
543,1175
543,1358
543,480
543,447
543,1534
543,1447
543,458
543,395
543,12
543,1233
543,1646
543,1579
543,1005
543,130
543,783
543,1100
543,855
543,13
543,444
1116,1115
1116,1889
1116,923
1116,99
1116,808
1116,904
1116,523
1116,973
1116,1448
1116,192
1116,550
1116,928
1116,44
1116,1833
1116,1787
1116,1437
1116,1492
1116,474
1116,1232
1116,730
480,1492
480,35
480,474
480,1833
480,1536
480,1233
480,1222
480,1787
480,1231
480,1550
480,1447
480,1827
480,1223
480,5
480,1807
480,1195
480,247
480,260
480,227
480,305
447,1296
447,543
447,662
447,486
447,847
447,1535
447,751
447,1005
447,1562
447,848
447,230
447,1253
447,539
447,1839
447,1219
447,1250
447,1627
447,1046
447,446
447,1058
1534,1725
1534,1844
1534,334
1534,410
1534,1724
1534,231
1534,133
1534,1638
1534,1044
1534,1626
1534,1713
1534,469
1534,1043
1534,1234
1534,477
1534,423
1534,445
1534,480
1534,1447
1534,763
1447,220
1447,1005
1447,1646
1447,395
1447,445
1447,480
1447,1811
1447,1593
1447,1253
1447,423
1447,1683
1447,458
1447,1535
1447,1159
1447,922
1447,1682
1447,444
1447,12
1447,23
1447,1596
458,1005
458,627
458,240
458,1535
458,439
458,457
458,423
458,220
458,1159
458,1682
458,1222
458,650
458,1536
458,1492
458,1646
458,395
458,23
458,1636
458,1537
458,1562
395,220
395,1005
395,616
395,1593
395,12
395,445
395,1811
395,922
395,1390
395,627
395,235
395,1058
395,1537
395,1447
395,458
395,1291
395,423
395,480
395,1562
395,446
12,395
12,1058
12,1005
12,220
12,235
12,1636
12,446
12,616
12,1562
12,480
12,1683
12,458
12,1537
12,1492
12,1046
12,650
12,847
12,1646
12,782
12,1175
1233,516
1233,1492
1233,580
1233,707
1233,480
1233,1833
1233,990
1233,247
1233,1253
1233,1452
1233,976
1233,1646
1233,1787
1233,474
1233,1153
1233,1871
1233,1223
1233,1301
1233,1216
1233,1489
1646,1535
1646,1253
1646,423
1646,1636
1646,1005
1646,23
1646,1153
1646,627
1646,1683
1646,1593
1646,1596
1646,1447
1646,445
1646,458
1646,486
1646,480
1646,1682
1646,1562
1646,1743
1646,240
1579,13
1579,1686
1579,855
1579,1660
1579,440
1579,964
1579,1091
1579,5
1579,648
1579,132
1579,1273
1579,134
1579,450
1579,346
1579,1565
1579,1839
1579,1627
1579,1404
1579,1803
1579,1719
1005,1535
1005,220
1005,1682
1005,423
1005,1593
1005,1159
1005,922
1005,1562
1005,240
1005,457
1005,1636
1005,1058
1005,1646
1005,439
1005,627
1005,1743
1005,853
1005,395
1005,1537
1005,458
130,247
130,1233
130,783
130,1492
130,1617
130,439
130,1536
130,1833
130,1279
130,1231
130,832
130,976
130,474
130,516
130,1787
130,1223
130,305
130,1557
130,458
130,1195
783,130
783,832
783,545
783,1024
783,839
783,1146
783,517
783,1867
783,1523
783,976
783,958
783,1271
783,969
783,1052
783,166
783,1347
783,1233
783,1218
783,728
783,1776
1100,444
1100,1153
1100,3
1100,1253
1100,1596
1100,480
1100,1646
1100,458
1100,1683
1100,1447
1100,395
1100,12
1100,1358
1100,23
1100,235
1100,782
1100,783
1100,1537
1100,1175
1100,1492
855,13
855,1091
855,1005
855,1646
855,1178
855,624
855,519
855,1537
855,616
855,1579
855,423
855,1015
855,1627
855,1176
855,1447
855,1682
855,1565
855,1636
855,440
855,1175
13,1232
13,1660
13,1579
13,1091
13,855
13,964
13,132
13,1201
13,1803
13,1176
13,1686
13,346
13,440
13,1210
13,134
13,511
13,648
13,981
13,136
13,622
444,1682
444,439
444,243
444,1833
444,608
444,474
444,1195
444,1223
444,1787
444,1492
444,1253
444,1596
444,1100
444,3
444,1683
444,1153
444,230
444,23
444,1005
444,1562
1253,1596
1253,1636
1253,1683
1253,486
1253,1646
1253,444
1253,23
1253,1153
1253,1005
1253,1535
1253,423
1253,230
1253,1411
1253,445
1253,627
1253,1537
1253,1562
1253,1046
1253,1100
1253,1058
1596,1253
1596,444
1596,1646
1596,23
1596,1153
1596,1683
1596,1535
1596,1100
1596,1005
1596,627
1596,1636
1596,783
1596,1492
1596,12
1596,247
1596,458
1596,445
1596,3
1596,1447
1596,240
1636,486
1636,1253
1636,1535
1636,445
1636,423
1636,627
1636,23
1636,650
1636,1683
1636,1005
1636,1646
1636,1219
1636,446
1636,1562
1636,1593
1636,230
1636,974
1636,1617
1636,439
1636,1743
1683,1551
1683,1253
1683,1046
1683,1636
1683,23
1683,423
1683,1219
1683,1535
1683,444
1683,662
1683,446
1683,1596
1683,1646
1683,1058
1683,486
1683,1005
1683,1390
1683,627
1683,1593
1683,1562
486,1636
486,1253
486,1535
486,423
486,1219
486,446
486,1562
486,662
486,847
486,751
486,1005
486,230
486,1646
486,1683
486,1046
486,1058
486,627
486,848
486,23
486,1089
23,627
23,1492
23,1535
23,1636
23,1253
23,974
23,1683
23,1046
23,650
23,1596
23,1551
23,423
23,240
23,1617
23,1536
23,1646
23,1593
23,1005
23,247
23,444
1153,1253
1153,444
1153,1646
1153,1100
1153,1596
1153,763
1153,3
1153,1683
1153,480
1153,23
1153,1358
1153,1233
1153,1447
1153,1005
1153,783
1153,458
1153,1535
1153,1219
1153,345
1153,1562
1535,423
1535,1636
1535,1646
1535,1005
1535,486
1535,1683
1535,627
1535,1253
1535,1219
1535,240
1535,23
1535,1159
1535,1682
1535,230
1535,1222
1535,457
1535,1593
1535,439
1535,848
1535,644
423,1535
423,1159
423,457
423,240
423,439
423,1636
423,627
423,445
423,1005
423,1682
423,1222
423,1683
423,974
423,1593
423,220
423,650
423,1219
423,626
423,1646
423,486
230,751
230,662
230,446
230,1636
230,276
230,486
230,1253
230,1535
230,1811
230,1683
230,1085
230,1562
230,848
230,1058
230,1390
230,1411
230,539
230,847
230,444
230,1046
1411,230
1411,1535
1411,5
1411,1636
1411,662
1411,627
1411,1253
1411,1627
1411,751
1411,450
1411,423
1411,1085
1411,1536
1411,23
1411,1683
1411,853
1411,444
1411,848
1411,1646
1411,796
445,423
445,1636
445,1005
445,220
445,1682
445,1535
445,1777
445,240
445,395
445,457
445,627
445,1447
445,1646
445,439
445,23
445,1593
445,1159
445,1743
445,1253
445,486
627,377
627,1593
627,423
627,240
627,650
627,1636
627,23
627,439
627,1536
627,1535
627,1682
627,974
627,457
627,1005
627,626
627,853
627,1492
627,1159
627,1617
627,445
1537,1322
1537,474
1537,1005
1537,1058
1537,1253
1537,627
1537,235
1537,395
1537,220
1537,1536
1537,240
1537,458
1537,1411
1537,450
1537,650
1537,1492
1537,1617
1537,616
1537,439
1537,134
1562,247
1562,1682
1562,1617
1562,377
1562,439
1562,244
1562,655
1562,243
1562,1231
1562,722
1562,649
1562,1833
1562,1195
1562,987
1562,278
1562,474
1562,1787
1562,1223
1562,1492
1562,1116
1046,1683
1046,23
1046,1551
1046,1636
1046,650
1046,423
1046,627
1046,1253
1046,1535
1046,486
1046,847
1046,1562
1046,1005
1046,446
1046,974
1046,1617
1046,751
1046,1390
1046,1492
1046,1411
1058,1431
1058,446
1058,220
1058,235
1058,1636
1058,662
1058,12
1058,1005
1058,847
1058,395
1058,1390
1058,1219
1058,1683
1058,486
1058,616
1058,1593
1058,1551
1058,922
1058,1253
1058,1811
243,1747
243,247
243,439
243,1617
243,136
243,1492
243,1232
243,1536
243,474
243,1833
243,5
243,244
243,1198
243,1437
243,44
243,1233
243,1195
243,1309
243,1231
243,1682
1747,247
1747,1617
1747,439
1747,1231
1747,1833
1747,1536
1747,616
1747,474
1747,1686
1747,243
1747,1492
1747,5
1747,1682
1747,1223
1747,1195
1747,1232
1747,1787
1747,480
1747,974
1747,1550
247,1617
247,439
247,1536
247,1492
247,1833
247,974
247,240
247,1682
247,1231
247,474
247,1222
247,1787
247,1159
247,1279
247,616
247,1539
247,1195
247,1562
247,130
247,423
439,240
439,1536
439,974
439,1617
439,1159
439,1222
439,1682
439,247
439,1833
439,1492
439,1231
439,1279
439,1539
439,853
439,423
439,650
439,626
439,1535
439,457
439,1562
1617,1536
1617,974
1617,439
1617,240
1617,1539
1617,1833
1617,1222
1617,1492
1617,796
1617,247
1617,1544
1617,1231
1617,1682
1617,650
1617,1159
1617,1279
1617,626
1617,627
1617,853
1617,474
136,244
136,1198
136,1577
136,1309
136,1451
136,243
136,1437
136,247
136,987
136,278
136,1617
136,1602
136,1007
136,44
136,1802
136,1731
136,279
136,439
136,1010
136,1747
1492,1833
1492,1536
1492,247
1492,1617
1492,474
1492,1787
1492,439
1492,1222
1492,1231
1492,1195
1492,35
1492,480
1492,650
1492,260
1492,23
1492,974
1492,1550
1492,305
1492,240
1492,1233
1232,1492
1232,474
1232,1833
1232,243
1232,1787
1232,1550
1232,1223
1232,44
1232,1437
1232,1195
1232,5
1232,1189
1232,1010
1232,730
1232,1617
1232,987
1232,1623
1232,1309
1232,472
1232,279
1536,1617
1536,439
1536,1222
1536,240
1536,974
1536,1492
1536,1833
1536,796
1536,1539
1536,247
1536,35
1536,474
1536,1231
1536,1787
1536,803
1536,1682
1536,650
1536,1195
1536,1279
1536,260
474,1787
474,1195
474,1550
474,1492
474,451
474,260
474,1536
474,1231
474,1833
474,1222
474,1670
474,619
474,1322
474,227
474,247
474,1617
474,439
474,5
474,616
474,480
1833,1536
1833,1617
1833,1492
1833,439
1833,1222
1833,247
1833,796
1833,1231
1833,474
1833,1787
1833,240
1833,650
1833,1195
1833,1682
1833,260
1833,1539
1833,974
1833,1279
1833,1550
1833,1535
5,730
5,987
5,8
5,1492
5,1787
5,1189
5,474
5,836
5,1550
5,433
5,1195
5,260
5,1833
5,44
5,1039
5,1623
5,1010
5,1785
5,451
5,608
244,1577
244,1198
244,1451
244,1802
244,136
244,987
244,1309
244,44
244,279
244,1020
244,1007
244,730
244,1010
244,1437
244,433
244,1443
244,1189
244,726
244,472
244,243
1198,1451
1198,1577
1198,244
1198,1802
1198,987
1198,1309
1198,1437
1198,1443
1198,279
1198,44
1198,136
1198,1010
1198,288
1198,1007
1198,472
1198,879
1198,730
1198,978
1198,433
1198,1020
1437,44
1437,730
1437,1010
1437,1189
1437,1198
1437,834
1437,987
1437,433
1437,1451
1437,1802
1437,1309
1437,1445
1437,1223
1437,8
1437,957
1437,236
1437,978
1437,1785
1437,879
1437,1416
44,1189
44,730
44,836
44,987
44,1186
44,8
44,1010
44,236
44,1840
44,1437
44,433
44,1039
44,978
44,1309
44,1445
44,1802
44,726
44,1451
44,1416
44,1370
1195,474
1195,1787
1195,1550
1195,260
1195,619
1195,451
1195,1231
1195,1536
1195,1833
1195,1492
1195,1222
1195,1322
1195,1670
1195,1617
1195,1223
1195,1603
1195,439
1195,227
1195,5
1195,245
1309,279
1309,44
1309,1198
1309,244
1309,1437
1309,1189
1309,1577
1309,987
1309,1451
1309,136
1309,1010
1309,1802
1309,726
1309,1898
1309,1020
1309,243
1309,1232
1309,433
1309,278
1309,730
1231,439
1231,1617
1231,1222
1231,474
1231,1536
1231,1833
1231,1195
1231,1492
1231,247
1231,1787
1231,1279
1231,1550
1231,260
1231,305
1231,240
1231,1682
1231,1322
1231,227
1231,619
1231,1223
1682,439
1682,974
1682,247
1682,1617
1682,1536
1682,1833
1682,1231
1682,1492
1682,1279
1682,616
1682,1562
1682,1195
1682,1747
1682,1539
1682,5
1682,444
1682,243
1682,474
1682,1686
1682,1787
345,1646
345,763
345,1153
345,518
345,554
345,1233
345,1358
345,480
345,1535
345,1447
345,1381
345,1253
345,1683
345,1283
345,1568
345,998
345,1005
345,423
345,984
345,732
763,1452
763,1279
763,1233
763,450
763,972
763,1055
763,1301
763,1020
763,968
763,247
763,821
763,1440
763,936
763,645
763,224
763,1196
763,1784
763,1471
763,1492
763,1877
518,936
518,1778
518,1187
518,1414
518,1850
518,1157
518,1270
518,118
518,1506
518,482
518,224
518,293
518,87
518,1152
518,295
518,554
518,1493
518,528
518,1381
518,1283
554,518
554,1381
554,1283
554,293
554,1778
554,1414
554,1493
554,936
554,1270
554,1187
554,1506
554,118
554,1850
554,1001
554,1387
554,468
554,744
554,1157
554,769
554,295
1381,1414
1381,936
1381,518
1381,295
1381,1283
1381,1778
1381,769
1381,80
1381,554
1381,1270
1381,1162
1381,1415
1381,744
1381,224
1381,1850
1381,293
1381,468
1381,1187
1381,482
1381,1106
1283,518
1283,1381
1283,936
1283,1778
1283,769
1283,1414
1283,1415
1283,554
1283,1270
1283,80
1283,468
1283,1850
1283,1187
1283,1152
1283,295
1283,1648
1283,118
1283,482
1283,293
1283,1506
1568,554
1568,118
1568,293
1568,510
1568,586
1568,441
1568,784
1568,1187
1568,587
1568,1053
1568,766
1568,528
1568,901
1568,1847
1568,482
1568,924
1568,727
1568,633
1568,1493
1568,1778
998,1381
998,518
998,1460
998,769
998,1414
998,1778
998,936
998,1283
998,80
998,1106
998,984
998,816
998,468
998,1188
998,1387
998,554
998,295
998,301
998,1162
998,1270
984,1106
984,1606
984,1381
984,295
984,518
984,936
984,1801
984,816
984,412
984,1414
984,1507
984,998
984,1283
984,1778
984,515
984,866
984,769
984,1179
984,80
984,732
732,1106
732,80
732,518
732,1381
732,1283
732,984
732,1460
732,816
732,936
732,1162
732,301
732,998
732,1778
732,1414
732,1188
732,1387
732,554
732,1801
732,769
732,994
1176,1579
1176,13
1176,1358
1176,855
1176,543
1176,1534
1176,1070
1176,1864
1176,807
1176,1166
1176,1175
1176,648
1176,859
1176,1747
1176,458
1176,1351
1176,1232
1176,395
1176,1604
1176,1744
1070,779
1070,547
1070,1597
1070,349
1070,101
1070,1630
1070,1512
1070,1699
1070,1439
1070,986
1070,1582
1070,838
1070,1176
1070,1604
1070,13
1070,1744
1070,198
1070,1826
1070,835
1070,729
1864,542
1864,1176
1864,499
1864,514
1864,1631
1864,1888
1864,1004
1864,893
1864,1208
1864,579
1864,1099
1864,1436
1864,814
1864,1572
1864,257
1864,261
1864,463
1864,1357
1864,1211
1864,1554
807,1662
807,509
807,1249
807,873
807,348
807,70
807,578
807,1870
807,634
807,594
807,1054
807,1199
807,1654
807,50
807,123
807,636
807,860
807,1831
807,409
807,1655
1166,1645
1166,1534
1166,1176
1166,1351
1166,1843
1166,543
1166,1358
1166,753
1166,1175
1166,1864
1166,14
1166,859
1166,1663
1166,807
1166,460
1166,309
1166,1579
1166,996
1166,894
1166,741
648,5
648,964
648,450
648,13
648,132
648,440
648,346
648,1719
648,1849
648,1627
648,136
648,1579
648,1686
648,1838
648,1090
648,853
648,1091
648,1411
648,252
648,1005
859,922
859,478
859,616
859,1837
859,220
859,1593
859,1444
859,1390
859,1005
859,1811
859,440
859,235
859,395
859,1291
859,627
859,423
859,650
859,853
859,1535
859,1636
1351,226
1351,272
1351,316
1351,551
1351,1600
1351,1002
1351,817
1351,233
1351,1213
1351,1613
1351,1435
1351,211
1351,1041
1351,1590
1351,1049
1351,1641
1351,1372
1351,1225
1351,720
1351,1434
1604,1070
1604,837
1604,249
1604,273
1604,1176
1604,13
1604,1744
1604,596
1604,1335
1604,1620
1604,1585
1604,609
1604,352
1604,1893
1604,18
1604,854
1604,812
1604,1419
1604,1702
1604,1587
1744,1266
1744,347
1744,330
1744,1795
1744,1741
1744,390
1744,1003
1744,1006
1744,1566
1744,747
1744,1808
1744,1770
1744,1647
1744,1615
1744,1267
1744,19
1744,1487
1744,213
1744,1446
1744,1781
1315,466
1315,758
1315,1873
1315,1673
1315,201
1315,604
1315,1791
1315,597
1315,37
1315,283
1315,1175
1315,496
1315,1717
1315,448
1315,1314
1315,607
1315,1364
1315,208
1315,1298
1315,754
466,1315
466,758
466,1791
466,1873
466,1673
466,201
466,37
466,597
466,283
466,1175
466,496
466,1717
466,448
466,607
466,135
466,1364
466,265
466,1256
466,208
466,1569
758,1791
758,1315
758,466
758,1873
758,37
758,1175
758,283
758,597
758,201
758,604
758,1673
758,1314
758,1498
758,1665
758,1376
758,772
758,1704
758,208
758,1368
758,989
1873,1315
1873,758
1873,1791
1873,466
1873,37
1873,283
1873,1673
1873,1175
1873,604
1873,597
1873,429
1873,201
1873,1065
1873,1256
1873,208
1873,857
1873,868
1873,1373
1873,541
1873,373
1673,48
1673,396
1673,597
1673,201
1673,283
1673,495
1673,1315
1673,1175
1673,466
1673,1873
1673,758
1673,37
1673,1254
1673,1701
1673,850
1673,731
1673,906
1673,1694
1673,1703
1673,421
201,396
201,597
201,1673
201,48
201,283
201,1376
201,495
201,1498
201,1314
201,1315
201,781
201,466
201,1175
201,507
201,1136
201,825
201,1075
201,742
201,1123
201,1873
37,758
37,1791
37,1315
37,466
37,1873
37,597
37,139
37,1175
37,201
37,140
37,137
37,1673
37,883
37,953
37,452
37,1761
37,1317
37,1314
37,1773
37,283
597,396
597,201
597,1673
597,48
597,283
597,495
597,1143
597,1175
597,1376
597,1278
597,1498
597,1314
597,1315
597,781
597,507
597,1136
597,1621
597,466
597,1075
597,825
283,1673
283,48
283,201
283,396
283,1276
283,1377
283,2
283,1561
283,1576
283,385
283,384
283,597
283,1315
283,246
283,890
283,1873
283,466
283,1791
283,1281
283,884
496,1730
496,1851
496,852
496,997
496,495
496,128
496,1050
496,863
496,1009
496,1529
496,1051
496,881
496,1453
496,846
496,1286
496,1180
496,353
496,1104
496,806
496,840
1717,68
1717,1109
1717,357
1717,1111
1717,1583
1717,378
1717,1318
1717,64
1717,1738
1717,363
1717,988
1717,292
1717,1729
1717,1013
1717,1455
1717,1872
1717,461
1717,1012
1717,1277
1717,845
448,1598
448,1714
448,202
448,129
448,1684
448,1183
448,1726
448,1628
448,1315
448,1230
448,216
448,1780
448,438
448,1008
448,466
448,437
448,1668
448,0
448,1769
448,1846
607,778
607,871
607,1135
607,576
607,830
607,1025
607,841
607,1086
607,371
607,119
607,1060
607,801
607,621
607,1282
607,842
607,1494
607,398
607,1503
607,1112
607,1365
1364,1066
1364,575
1364,1067
1364,1156
1364,800
1364,487
1364,1064
1364,1014
1364,1056
1364,1786
1364,1533
1364,628
1364,1026
1364,1235
1364,1068
1364,1424
1364,302
1364,1057
1364,431
1364,1059
208,1841
208,734
208,207
208,1680
208,1736
208,971
208,97
208,802
208,1292
208,427
208,1125
208,993
208,26
208,1756
208,569
208,1119
208,917
208,823
208,799
208,1457
1314,1376
1314,1400
1314,742
1314,1136
1314,825
1314,781
1314,1075
1314,507
1314,201
1314,956
1314,408
1314,1498
1314,597
1314,1430
1314,504
1314,287
1314,1341
1314,713
1314,1124
1314,943
1376,1314
1376,742
1376,1136
1376,597
1376,825
1376,1400
1376,1075
1376,507
1376,781
1376,201
1376,1498
1376,956
1376,408
1376,504
1376,1341
1376,826
1376,47
1376,614
1376,1123
1376,287
1400,1075
1400,408
1400,1735
1400,1897
1400,1756
1400,1457
1400,810
1400,917
1400,1616
1400,787
1400,1093
1400,809
1400,918
1400,1118
1400,736
1400,271
1400,1161
1400,505
1400,453
1400,1378
742,1075
742,408
742,1302
742,917
742,1756
742,1161
742,1897
742,294
742,614
742,1457
742,971
742,1527
742,483
742,1876
742,748
742,1363
742,824
742,1881
742,592
742,1284
1136,1376
1136,1075
1136,1314
1136,742
1136,825
1136,1400
1136,781
1136,956
1136,507
1136,597
1136,1498
1136,201
1136,408
1136,1123
1136,504
1136,1430
1136,614
1136,955
1136,47
1136,287
825,1376
825,1400
825,1314
825,1075
825,742
825,1136
825,507
825,956
825,408
825,781
825,597
825,411
825,201
825,1498
825,504
825,287
825,1430
825,1123
825,1341
825,1756
781,1376
781,1314
781,1136
781,742
781,1075
781,1400
781,287
781,507
781,825
781,201
781,956
781,597
781,1498
781,408
781,417
781,504
781,1401
781,1430
781,1123
781,411
1075,742
1075,1400
1075,1376
1075,408
1075,1136
1075,825
1075,507
1075,1314
1075,1756
1075,956
1075,781
1075,1302
1075,1897
1075,1881
1075,483
1075,917
1075,1457
1075,1498
1075,1284
1075,971
507,1376
507,1314
507,742
507,1075
507,1400
507,825
507,1136
507,781
507,956
507,597
507,408
507,1498
507,201
507,1237
507,581
507,1330
507,504
507,1123
507,1756
507,614
956,1479
956,573
956,1391
956,811
956,799
956,1376
956,742
956,1400
956,1075
956,825
956,408
956,1136
956,1314
956,781
956,507
956,1842
956,1756
956,287
956,1498
956,294
408,742
408,1756
408,483
408,1363
408,917
408,1075
408,1400
408,1284
408,614
408,374
408,1876
408,1302
408,971
408,1161
408,795
408,824
408,1459
408,1132
408,1480
408,372
1498,47
1498,1376
1498,201
1498,1589
1498,597
1498,742
1498,1314
1498,1504
1498,507
1498,1075
1498,1136
1498,781
1498,614
1498,407
1498,1884
1498,825
1498,956
1498,943
1498,1123
1498,1400
1430,1720
1430,51
1430,570
1430,1810
1430,103
1430,1194
1430,1126
1430,194
1430,1120
1430,1732
1430,593
1430,739
1430,526
1430,767
1430,935
1430,1307
1430,1790
1430,365
1430,1127
1430,435
504,1258
504,1737
504,1376
504,1314
504,742
504,1075
504,956
504,408
504,1400
504,781
504,799
504,507
504,825
504,1498
504,1136
504,597
504,201
504,1123
504,1302
504,1589
287,781
287,956
287,1333
287,1751
287,717
287,1588
287,1400
287,1376
287,413
287,1392
287,408
287,294
287,1302
287,1075
287,742
287,917
287,1314
287,507
287,825
287,1284
1341,917
1341,882
1341,498
1341,1359
1341,606
1341,1376
1341,1400
1341,408
1341,1312
1341,38
1341,742
1341,825
1341,956
1341,1075
1341,397
1341,1190
1341,217
1341,1876
1341,1311
1341,1480
713,909
713,27
713,761
713,1515
713,111
713,1352
713,327
713,95
713,321
713,262
713,712
713,566
713,874
713,1144
713,829
713,1314
713,312
713,1019
713,865
713,1029
1124,930
1124,1374
1124,74
1124,1181
1124,926
1124,1441
1124,833
1124,1464
1124,555
1124,205
1124,985
1124,1412
1124,88
1124,1313
1124,318
1124,86
1124,1314
1124,872
1124,1319
1124,1669
943,742
943,1498
943,1376
943,1075
943,614
943,1589
943,329
943,408
943,507
943,1756
943,1400
943,825
943,1504
943,47
943,956
943,1136
943,1314
943,1468
943,407
943,1466
1298,1042
1298,6
1298,858
1298,1095
1298,1418
1298,804
1298,1241
1298,1601
1298,1297
1298,1832
1298,1644
1298,1483
1298,1398
1298,1287
1298,495
1298,995
1298,1242
1298,1541
1298,1542
1298,81
1042,1450
1042,1483
1042,902
1042,1899
1042,529
1042,903
1042,1297
1042,858
1042,623
1042,1242
1042,1418
1042,1601
1042,1661
1042,1624
1042,72
1042,1241
1042,1450
1042,1274
1042,991
1042,1672
6,1095
6,1042
6,1601
6,1298
6,804
6,858
6,1297
6,1418
6,1832
6,1644
6,1541
6,1287
6,495
6,1542
6,1241
6,1398
6,1483
6,7
6,995
6,1242
858,1418
858,1241
858,1644
858,1274
858,1297
858,1275
858,813
858,1483
858,1042
858,85
858,1601
858,1450
858,529
858,1772
858,72
858,1242
858,1899
858,903
858,1298
858,902
1095,6
1095,1042
1095,1298
1095,1601
1095,804
1095,858
1095,1297
1095,1418
1095,1832
1095,1644
1095,1241
1095,495
1095,1541
1095,1287
1095,1542
1095,1483
1095,1398
1095,1242
1095,995
1095,81
1418,1241
1418,1644
1418,858
1418,813
1418,1274
1418,1297
1418,1483
1418,1275
1418,1450
1418,529
1418,903
1418,1242
1418,902
1418,1601
1418,1042
1418,1899
1418,623
1418,1624
1418,72
1418,85
804,1042
804,1095
804,6
804,858
804,1298
804,1601
804,1418
804,1297
804,1241
804,1644
804,1832
804,1287
804,495
804,1483
804,1398
804,1541
804,1542
804,1242
804,995
804,81
1241,1418
1241,1274
1241,813
1241,1644
1241,858
1241,1275
1241,1297
1241,1483
1241,903
1241,1450
1241,529
1241,1624
1241,1242
1241,1042
1241,902
1241,1899
1241,85
1241,623
1241,1601
1241,72
1601,1418
1601,1450
1601,1644
1601,1274
1601,858
1601,529
1601,1042
1601,1297
1601,72
1601,903
1601,1624
1601,623
1601,1899
1601,1483
1601,1241
1601,1661
1601,1242
1601,813
1601,902
1601,6
1297,1418
1297,1274
1297,1241
1297,1644
1297,858
1297,1450
1297,813
1297,529
1297,902
1297,1042
1297,1483
1297,903
1297,1661
1297,1275
1297,1601
1297,623
1297,1242
1297,1899
1297,72
1297,85
1832,6
1832,1095
1832,1042
1832,1298
1832,1601
1832,858
1832,1297
1832,1418
1832,804
1832,1644
1832,1542
1832,1541
1832,495
1832,1287
1832,1241
1832,1483
1832,1398
1832,1242
1832,995
1832,1117
1644,1042
1644,858
1644,1601
1644,6
1644,1095
1644,1298
1644,1418
1644,804
1644,1297
1644,1832
1644,1241
1644,1287
1644,495
1644,1541
1644,1483
1644,1542
1644,1398
1644,1242
1644,995
1644,81
1483,1241
1483,1042
1483,858
1483,1418
1483,1242
1483,1297
1483,1601
1483,81
1483,1398
1483,1450
1483,1624
1483,1672
1483,1782
1483,1899
1483,529
1483,1610
1483,902
1483,623
1483,903
1483,961
1398,1782
1398,902
1398,1661
1398,903
1398,1899
1398,1450
1398,1672
1398,360
1398,529
1398,1483
1398,1042
1398,1242
1398,1298
1398,858
1398,1418
1398,804
1398,72
1398,6
1398,995
1398,92
1287,6
1287,1042
1287,1601
1287,858
1287,804
1287,1298
1287,1095
1287,1297
1287,1418
1287,1644
1287,1832
1287,495
1287,1541
1287,1542
1287,449
1287,1241
1287,1483
1287,1398
1287,1242
1287,81
495,496
495,396
495,1673
495,48
495,201
495,597
495,997
495,128
495,1851
495,1529
495,353
495,1490
495,6
495,1042
495,1095
495,1298
495,1170
495,1601
495,1297
495,858
995,1242
995,1450
995,1042
995,1241
995,1298
995,1696
995,81
995,1695
995,1483
995,1398
995,1601
995,6
995,540
995,804
995,858
995,1297
995,1637
995,204
995,1418
995,1832
1242,995
1242,1042
1242,1241
1242,1418
1242,1483
1242,858
1242,81
1242,1601
1242,1398
1242,1450
1242,1297
1242,1624
1242,204
1242,1610
1242,1672
1242,1285
1242,1782
1242,1899
1242,529
1242,902
1541,1710
1541,1542
1541,11
1541,1206
1541,470
1541,1038
1541,6
1541,1095
1541,1852
1541,1601
1541,1297
1541,1042
1541,1832
1541,1298
1541,804
1541,858
1541,1418
1541,1644
1541,1287
1541,495
1542,1541
1542,1710
1542,1206
1542,470
1542,1148
1542,239
1542,1609
1542,33
1542,1038
1542,11
1542,603
1542,977
1542,266
1542,1321
1542,1163
1542,1543
1542,491
1542,1567
1542,1852
1542,1408
81,1242
81,1483
81,1899
81,1610
81,1624
81,529
81,1644
81,1661
81,1450
81,1782
81,961
81,1722
81,995
81,277
81,1658
81,1681
81,1241
81,1298
81,1042
81,1398
754,959
754,615
754,356
754,1625
754,267
754,1546
754,1612
754,1030
754,895
754,965
754,1642
754,1707
754,1666
754,1427
754,1088
754,1107
754,1591
754,819
754,1830
754,843
959,1612
959,1642
959,401
959,908
959,356
959,241
959,754
959,615
959,1030
959,1666
959,965
959,1427
959,1546
959,267
959,1000
959,1625
959,843
959,785
959,1107
959,819
615,754
615,356
615,959
615,1625
615,267
615,1546
615,1030
615,965
615,843
615,1666
615,1890
615,1107
615,1707
615,819
615,1427
615,785
615,907
615,1612
615,537
615,1895
356,1705
356,959
356,1642
356,1612
356,615
356,401
356,908
356,241
356,754
356,1030
356,965
356,1666
356,1427
356,1546
356,843
356,267
356,785
356,1625
356,1000
356,1107
1625,754
1625,959
1625,615
1625,356
1625,895
1625,929
1625,1088
1625,1830
1625,1030
1625,1612
1625,1707
1625,843
1625,1546
1625,908
1625,1642
1625,785
1625,1666
1625,267
1625,1427
1625,1887
267,959
267,1894
267,40
267,1708
267,754
267,356
267,361
267,1742
267,615
267,268
267,714
267,1247
267,1549
267,1659
267,805
267,1886
267,1666
267,428
267,258
267,214
1546,959
1546,1612
1546,356
1546,754
1546,1642
1546,615
1546,1030
1546,899
1546,908
1546,914
1546,1625
1546,1308
1546,241
1546,401
1546,965
1546,1011
1546,1427
1546,745
1546,843
1546,464
1612,1642
1612,401
1612,908
1612,241
1612,959
1612,1000
1612,356
1612,1030
1612,1666
1612,965
1612,1427
1612,843
1612,1360
1612,785
1612,1546
1612,746
1612,919
1612,819
1612,1625
1612,1280
1030,959
1030,1642
1030,1612
1030,908
1030,1666
1030,356
1030,754
1030,843
1030,401
1030,241
1030,1427
1030,615
1030,1546
1030,1625
1030,965
1030,819
1030,919
1030,267
1030,1107
1030,1360
895,898
895,1830
895,1088
895,1691
895,920
895,754
895,274
895,1625
895,1887
895,601
895,774
895,326
895,1185
895,1461
895,1707
895,1709
895,1197
895,459
895,1712
895,582
965,1236
965,1891
965,124
965,1698
965,877
965,822
965,818
965,462
965,553
965,141
965,1564
965,1061
965,960
965,940
965,1449
965,1062
965,574
965,1269
965,1538
965,588
1642,1612
1642,401
1642,908
1642,241
1642,959
1642,1000
1642,356
1642,1030
1642,1666
1642,965
1642,1427
1642,843
1642,1360
1642,785
1642,1546
1642,746
1642,1107
1642,1625
1642,1848
1642,1280
1707,484
1707,1088
1707,1580
1707,1700
1707,601
1707,785
1707,1133
1707,1691
1707,774
1707,1854
1707,422
1707,754
1707,920
1707,1678
1707,274
1707,326
1707,895
1707,1438
1707,1625
1707,1855
1666,843
1666,1530
1666,475
1666,786
1666,537
1666,602
1666,1204
1666,1804
1666,959
1666,1642
1666,1612
1666,1094
1666,1481
1666,1350
1666,1469
1666,1890
1666,1030
1666,851
1666,1706
1666,356
1427,1612
1427,959
1427,1642
1427,356
1427,908
1427,1030
1427,241
1427,401
1427,1666
1427,754
1427,1546
1427,965
1427,820
1427,1625
1427,891
1427,843
1427,819
1427,815
1427,1107
1427,306
1088,895
1088,1830
1088,1707
1088,785
1088,1625
1088,1887
1088,274
1088,754
1088,1691
1088,1369
1088,1854
1088,193
1088,344
1088,913
1088,920
1088,708
1088,89
1088,774
1088,1676
1088,1571
1107,1027
1107,375
1107,1679
1107,959
1107,875
1107,1612
1107,356
1107,1642
1107,615
1107,754
1107,1030
1107,908
1107,1779
1107,1427
1107,1625
1107,241
1107,1182
1107,1799
1107,401
1107,965
1591,548
1591,895
1591,1830
1591,1733
1591,1594
1591,1595
1591,274
1591,538
1591,1524
1591,754
1591,1707
1591,1088
1591,615
1591,915
1591,1592
1591,356
1591,1901
1591,121
1591,1640
1591,1505
819,1047
819,959
819,1147
819,1612
819,1642
819,1482
819,916
819,1030
819,1693
819,600
819,1666
819,356
819,1715
819,843
819,754
819,1427
819,908
819,1633
819,241
819,897
1830,1088
1830,895
1830,1625
1830,1887
1830,274
1830,754
1830,1591
1830,1707
1830,1690
1830,738
1830,913
1830,376
1830,1366
1830,22
1830,775
1830,785
1830,1691
1830,1800
1830,1854
1830,1692
843,1666
843,776
843,1530
843,537
843,475
843,786
843,602
843,1204
843,1481
843,1350
843,1890
843,1094
843,1215
843,1804
843,1689
843,851
843,1469
843,959
843,1706
843,1612
1755,399
1755,521
1755,1486
1755,1836
1755,158
1755,1762
1755,702
1755,1748
1755,1900
1755,1752
1755,1304
1755,1856
1755,1175
1755,1454
1755,229
1755,1763
1755,112
1755,1753
1755,286
1755,218
1486,521
1486,1755
1486,399
1486,1304
1486,1752
1486,1406
1486,1900
1486,351
1486,1767
1486,1762
1486,1748
1486,229
1486,1753
1486,1763
1486,1764
1486,671
1486,1485
1486,1175
1486,1476
1486,672
1836,399
1836,1755
1836,521
1836,1900
1836,1486
1836,1748
1836,209
1836,1304
1836,1752
1836,1143
1836,158
1836,1454
1836,1175
1836,1768
1836,1355
1836,1764
1836,1263
1836,1762
1836,218
1836,112
209,1836
209,399
209,521
209,1755
209,1900
209,1454
209,1752
209,366
209,1278
209,112
209,663
209,394
209,1328
209,682
209,1748
209,1175
209,1688
209,1486
209,1856
209,1143
158,399
158,1755
158,521
158,286
158,1900
158,1762
158,100
158,1651
158,1748
158,1688
158,676
158,1768
158,1856
158,702
158,1581
158,1766
158,1304
158,682
158,1752
158,1338
1454,1836
1454,1755
1454,399
1454,970
1454,521
1454,1748
1454,1900
1454,394
1454,927
1454,77
1454,1143
1454,1097
1454,992
1454,1762
1454,112
1454,93
1454,1423
1454,1362
1454,1552
1454,531
1355,1354
1355,1900
1355,1748
1355,131
1355,1768
1355,218
1355,1143
1355,1866
1355,1874
1355,1752
1355,1836
1355,912
1355,112
1355,1764
1355,1763
1355,1868
1355,878
1355,1762
1355,1420
1355,1767
1263,1463
1263,1836
1263,1853
1263,1097
1263,1495
1263,93
1263,394
1263,157
1263,1362
1263,531
1263,1432
1263,1454
1263,1835
1263,370
1263,1173
1263,791
1263,1552
1263,9
1263,1278
1263,1477
702,1755
702,399
702,1581
702,521
702,286
702,1748
702,1900
702,1762
702,1757
702,158
702,682
702,1171
702,676
702,1766
702,1763
702,351
702,148
702,1752
702,1328
702,311
1581,1755
1581,399
1581,1338
1581,676
1581,682
1581,702
1581,521
1581,1856
1581,1688
1581,1454
1581,41
1581,653
1581,1748
1581,1328
1581,1900
1581,112
1581,1766
1581,1768
1581,1836
1581,1278
286,351
286,1752
286,1762
286,1763
286,672
286,1304
286,1406
286,1476
286,71
286,1753
286,1767
286,1755
286,1764
286,229
286,100
286,702
286,399
286,521
286,1486
286,131
1757,399
1757,1768
1757,1748
1757,676
1757,1762
1757,1338
1757,1688
1757,1755
1757,1749
1757,218
1757,521
1757,221
1757,311
1757,286
1757,1462
1757,1763
1757,112
1757,1764
1757,912
1757,41
682,521
682,1755
682,1900
682,1748
682,399
682,1752
682,1856
682,1328
682,1278
682,242
682,1454
682,676
682,112
682,237
682,497
682,1688
682,939
682,1175
682,671
682,351
1766,399
1766,1688
1766,311
1766,676
1766,1338
1766,1748
1766,1765
1766,218
1766,521
1766,1462
1766,1755
1766,1749
1766,1768
1766,912
1766,682
1766,1764
1766,286
1766,112
1766,221
1766,939
148,1748
148,399
148,521
148,676
148,1755
148,1768
148,1900
148,1752
148,112
148,218
148,1762
148,939
148,1688
148,682
148,1763
148,1462
148,497
148,1856
148,1168
148,1749
1328,1900
1328,1755
1328,1752
1328,521
1328,1748
1328,399
1328,1454
1328,682
1328,1856
1328,112
1328,663
1328,1278
1328,1836
1328,1338
1328,1581
1328,1763
1328,1762
1328,676
1328,671
1328,1171
1856,1755
1856,521
1856,399
1856,1752
1856,1175
1856,1454
1856,229
1856,1748
1856,1900
1856,286
1856,682
1856,1836
1856,112
1856,1328
1856,671
1856,71
1856,1338
1856,676
1856,1278
1856,532
71,399
71,286
71,1764
71,1763
71,131
71,1752
71,1755
71,112
71,1753
71,1143
71,521
71,218
71,1767
71,1760
71,1900
71,351
71,1355
71,1762
71,229
71,392
1278,1480
1278,1756
1278,1125
1278,1284
1278,824
1278,811
1278,1876
1278,1393
1278,1574
1278,1388
1278,1842
1278,1457
1278,748
1278,1391
1278,324
1278,917
1278,828
1278,1815
1278,59
1278,734
532,1856
532,1900
532,1339
532,1752
532,521
532,1748
532,671
532,399
532,229
532,1304
532,1768
532,1755
532,1767
532,1278
532,1753
532,1175
532,1584
532,351
532,286
532,112
